player,pick,source
Aamir Simms,74,CBS
Aamir Simms,91,ESPN
Aamir Simms,41,John Hollinger
Aamir Simms,77,nbadraft.net
Aamir Simms,62,Sam Vecenie
Aamir Sims,66,Chad Ford
Aamir Sims,74,USA Today
Aaron Henry,58,USA Today
Aaron Henry,27,Bleacher Report
Aaron Henry,35,CBS
Aaron Henry,48,Chad Ford
Aaron Henry,50,ESPN
Aaron Henry,25,John Hollinger
Aaron Henry,63,nbadraft.net
Aaron Henry,50,Kevin O'Connor
Aaron Henry,41,Sports Illustrated
Aaron Henry,30,Sporting News
Aaron Henry,62,Tankathon
Aaron Henry,57,Sam Vecenie
Aaron Wiggins,54,Bleacher Report
Aaron Wiggins,56,CBS
Aaron Wiggins,68,Chad Ford
Aaron Wiggins,48,ESPN
Aaron Wiggins,65,John Hollinger
Aaron Wiggins,40,nbadraft.net
Aaron Wiggins,62,Kevin O'Connor
Aaron Wiggins,73,Sports Illustrated
Aaron Wiggins,52,Tankathon
Aaron Wiggins,82,USA Today
Aaron Wiggins,66,Sam Vecenie
AJ Lawson,55,Sports Illustrated
AJ Lawson,71,CBS
AJ Lawson,69,Chad Ford
AJ Lawson,72,ESPN
AJ Lawson,51,John Hollinger
AJ Lawson,72,Tankathon
AJ Lawson,83,USA Today
AJ Lawson,82,Sam Vecenie
Alan Griffin,88,USA Today
Alperen Sengun,14,Bleacher Report
Alperen Sengun,16,CBS
Alperen Sengun,10,Chad Ford
Alperen Sengun,7,Dean On Draft
Alperen Sengun,15,ESPN
Alperen Sengun,4,John Hollinger
Alperen Sengun,20,nbadraft.net
Alperen Sengun,9,Kevin O'Connor
Alperen Sengun,13,SB Nation
Alperen Sengun,11,Sports Illustrated
Alperen Sengun,10,Sporting News
Alperen Sengun,5,Tankathon
Alperen Sengun,22,USA Today
Alperen Sengun,8,Sam Vecenie
Amar Sylla,91,CBS
Amar Sylla,54,Chad Ford
Amar Sylla,76,ESPN
Amar Sylla,68,Tankathon
Amar Sylla,99,USA Today
Amar Sylla,101,Sam Vecenie
Ariel Hukporti,59,John Hollinger
Ariel Hukporti,52,Sports Illustrated
Ariel Hukporti,36,Sporting News
Arnas Velicka,97,Sam Vecenie
Austin Reaves,52,Bleacher Report
Austin Reaves,42,CBS
Austin Reaves,65,Chad Ford
Austin Reaves,42,ESPN
Austin Reaves,78,nbadraft.net
Austin Reaves,39,Kevin O'Connor
Austin Reaves,47,Sports Illustrated
Austin Reaves,54,Tankathon
Austin Reaves,37,USA Today
Austin Reaves,32,Sam Vecenie
Ayo Dosunmu,35,Bleacher Report
Ayo Dosunmu,20,CBS
Ayo Dosunmu,32,Chad Ford
Ayo Dosunmu,34,ESPN
Ayo Dosunmu,39,John Hollinger
Ayo Dosunmu,24,nbadraft.net
Ayo Dosunmu,31,Kevin O'Connor
Ayo Dosunmu,35,Sports Illustrated
Ayo Dosunmu,24,Sporting News
Ayo Dosunmu,35,Tankathon
Ayo Dosunmu,39,USA Today
Ayo Dosunmu,23,Sam Vecenie
Balsa Koprivica,85,nbadraft.net
Balsa Koprivica,81,USA Today
BJ Boston,42,Bleacher Report
BJ Boston,34,CBS
BJ Boston,33,Chad Ford
BJ Boston,13,Dean On Draft
BJ Boston,39,ESPN
BJ Boston,45,John Hollinger
BJ Boston,33,nbadraft.net
BJ Boston,46,Kevin O'Connor
BJ Boston,42,Sports Illustrated
BJ Boston,37,Sporting News
BJ Boston,41,Tankathon
BJ Boston,32,USA Today
BJ Boston,41,Sam Vecenie
Bryce Wills,66,nbadraft.net
Cade Cunningham,1,Bleacher Report
Cade Cunningham,1,CBS
Cade Cunningham,1,Chad Ford
Cade Cunningham,4,Dean On Draft
Cade Cunningham,1,ESPN
Cade Cunningham,1,John Hollinger
Cade Cunningham,1,nbadraft.net
Cade Cunningham,1,Kevin O'Connor
Cade Cunningham,1,SB Nation
Cade Cunningham,1,Sports Illustrated
Cade Cunningham,1,Sporting News
Cade Cunningham,3,Tankathon
Cade Cunningham,1,USA Today
Cade Cunningham,1,Sam Vecenie
Cameron Krutwig,100,ESPN
Cameron Thomas,9,Bleacher Report
Cameron Thomas,18,CBS
Cameron Thomas,23,Chad Ford
Cameron Thomas,26,ESPN
Cameron Thomas,33,John Hollinger
Cameron Thomas,23,nbadraft.net
Cameron Thomas,10,Kevin O'Connor
Cameron Thomas,28,Sports Illustrated
Cameron Thomas,27,Sporting News
Cameron Thomas,31,Tankathon
Cameron Thomas,29,USA Today
Cameron Thomas,27,Sam Vecenie
Carlik Jones,86,CBS
Carlik Jones,62,ESPN
Carlik Jones,76,nbadraft.net
Carlik Jones,62,Sports Illustrated
Carlik Jones,89,USA Today
Carlik Jones,75,Sam Vecenie
Charles Bassey,34,Bleacher Report
Charles Bassey,39,CBS
Charles Bassey,49,Chad Ford
Charles Bassey,35,ESPN
Charles Bassey,29,nbadraft.net
Charles Bassey,40,Kevin O'Connor
Charles Bassey,45,Sports Illustrated
Charles Bassey,33,Sporting News
Charles Bassey,58,Tankathon
Charles Bassey,51,USA Today
Charles Bassey,60,Sam Vecenie
Chaundee Brown,78,Chad Ford
Chaundee Brown,60,ESPN
Chaundee Brown,93,nbadraft.net
Chaundee Brown,65,Sports Illustrated
Chaundee Brown,91,USA Today
Chaundee Brown,92,Sam Vecenie
Chaundee Brown,77,CBS
Chris Duarte,20,Bleacher Report
Chris Duarte,12,CBS
Chris Duarte,15,Chad Ford
Chris Duarte,23,ESPN
Chris Duarte,19,John Hollinger
Chris Duarte,22,nbadraft.net
Chris Duarte,18,Kevin O'Connor
Chris Duarte,26,SB Nation
Chris Duarte,19,Sports Illustrated
Chris Duarte,16,Sporting News
Chris Duarte,19,Tankathon
Chris Duarte,20,USA Today
Chris Duarte,13,Sam Vecenie
Chris Smith,70,CBS
Chris Smith,51,Chad Ford
Chris Smith,98,ESPN
Chris Smith,56,John Hollinger
Chris Smith,58,nbadraft.net
Chris Smith,66,USA Today
Chris Smith,71,Sam Vecenie
Corey Kispert,19,Bleacher Report
Corey Kispert,14,CBS
Corey Kispert,16,Chad Ford
Corey Kispert,13,ESPN
Corey Kispert,12,John Hollinger
Corey Kispert,15,nbadraft.net
Corey Kispert,16,Kevin O'Connor
Corey Kispert,19,SB Nation
Corey Kispert,13,Sports Illustrated
Corey Kispert,14,Sporting News
Corey Kispert,10,Tankathon
Corey Kispert,18,USA Today
Corey Kispert,18,Sam Vecenie
Daishen Nix,51,CBS
Daishen Nix,55,Chad Ford
Daishen Nix,40,ESPN
Daishen Nix,67,John Hollinger
Daishen Nix,50,nbadraft.net
Daishen Nix,61,Kevin O'Connor
Daishen Nix,59,Sports Illustrated
Daishen Nix,60,Sporting News
Daishen Nix,28,Tankathon
Daishen Nix,34,USA Today
Daishen Nix,80,Sam Vecenie
Dalano Banton,61,USA Today
Dalano Banton,82,CBS
Dalano Banton,72,Chad Ford
Dalano Banton,65,ESPN
Dalano Banton,69,John Hollinger
Dalano Banton,89,nbadraft.net
Dalano Banton,65,Kevin O'Connor
Dalano Banton,56,Sports Illustrated
Dalano Banton,73,Sam Vecenie
David Duke,45,CBS
David Duke,60,Chad Ford
David Duke,84,ESPN
David Duke,62,John Hollinger
David Duke,49,nbadraft.net
David Duke,75,Sports Illustrated
David Duke,42,Sporting News
David Duke,70,Tankathon
David Duke,64,Sam Vecenie
David Duke,85,USA Today
David Johnson,40,Bleacher Report
David Johnson,54,CBS
David Johnson,44,Chad Ford
David Johnson,38,ESPN
David Johnson,53,John Hollinger
David Johnson,53,nbadraft.net
David Johnson,38,Kevin O'Connor
David Johnson,38,Sports Illustrated
David Johnson,53,Sporting News
David Johnson,64,Tankathon
David Johnson,47,USA Today
David Johnson,39,Sam Vecenie
Davion Mitchell,21,Bleacher Report
Davion Mitchell,8,CBS
Davion Mitchell,8,Chad Ford
Davion Mitchell,7,ESPN
Davion Mitchell,16,John Hollinger
Davion Mitchell,11,nbadraft.net
Davion Mitchell,8,Kevin O'Connor
Davion Mitchell,21,SB Nation
Davion Mitchell,16,Sports Illustrated
Davion Mitchell,5,Sporting News
Davion Mitchell,17,Tankathon
Davion Mitchell,19,USA Today
Davion Mitchell,10,Sam Vecenie
Day'Ron Sharpe,28,Bleacher Report
Day'Ron Sharpe,38,CBS
Day'Ron Sharpe,22,Chad Ford
Day'Ron Sharpe,31,ESPN
Day'Ron Sharpe,49,John Hollinger
Day'Ron Sharpe,54,nbadraft.net
Day'Ron Sharpe,26,Kevin O'Connor
Day'Ron Sharpe,24,Sports Illustrated
Day'Ron Sharpe,40,Sporting News
Day'Ron Sharpe,27,Tankathon
Day'Ron Sharpe,35,USA Today
Day'Ron Sharpe,40,Sam Vecenie
DeJon Jarreau,86,nbadraft.net
DeJon Jarreau,89,ESPN
DeJon Jarreau,96,CBS
DeJon Jarreau,95,USA Today
DeJon Jarreau,96,Sam Vecenie
Denzel Mahoney,100,nbadraft.net
Derek Culver,88,nbadraft.net
Derrick Alston,94,ESPN
Derrick Alston,72,nbadraft.net
Derrick Alston,57,Sporting News
Derrick Alston,85,Sam Vecenie
Derrick Alston,80,CBS
Derrick Alston,98,USA Today
DJ Carton,53,CBS
DJ Carton,99,nbadraft.net
DJ Steward,68,CBS
DJ Steward,79,Chad Ford
DJ Steward,66,ESPN
DJ Steward,71,nbadraft.net
DJ Steward,66,Tankathon
DJ Steward,79,Sam Vecenie
DJ Steward,59,USA Today
DJ Stewart,86,USA Today
DJ Stewart,87,Sam Vecenie
DJ Stewart,88,ESPN
Dru Smith,93,ESPN
Dru Smith,99,Sam Vecenie
Duane Washington,76,Chad Ford
Duane Washington,71,ESPN
Duane Washington,66,John Hollinger
Duane Washington,56,nbadraft.net
Duane Washington,66,Sports Illustrated
Duane Washington,89,CBS
Duane Washington,96,USA Today
Duane Washington,93,Sam Vecenie
EJ Onu,75,CBS
EJ Onu,81,ESPN
EJ Onu,52,nbadraft.net
EJ Onu,70,Kevin O'Connor
EJ Onu,78,Sports Illustrated
Ej Onu,74,Sam Vecenie
Ej Onu,55,USA Today
Ethan Thompson,83,CBS
Ethan Thompson,95,nbadraft.net
Ethan Thompson,100,Sam Vecenie
Eugene Omoruyi,93,CBS
Eugene Omoruyi,99,ESPN
Eugene Omoruyi,79,Sports Illustrated
Eugene Omoruyi,90,USA Today
Eugene Omoruyi,81,Sam Vecenie
Evan Mobley,3,Bleacher Report
Evan Mobley,3,CBS
Evan Mobley,2,Chad Ford
Evan Mobley,1,Dean On Draft
Evan Mobley,3,ESPN
Evan Mobley,2,John Hollinger
Evan Mobley,4,nbadraft.net
Evan Mobley,2,Kevin O'Connor
Evan Mobley,2,SB Nation
Evan Mobley,2,Sports Illustrated
Evan Mobley,2,Sporting News
Evan Mobley,2,Tankathon
Evan Mobley,2,USA Today
Evan Mobley,3,Sam Vecenie
Feron Hunt,90,nbadraft.net
Filip Petrusev,46,Bleacher Report
Filip Petrusev,60,CBS
Filip Petrusev,50,Chad Ford
Filip Petrusev,37,ESPN
Filip Petrusev,55,nbadraft.net
Filip Petrusev,52,Kevin O'Connor
Filip Petrusev,53,Sports Illustrated
Filip Petrusev,41,Sporting News
Filip Petrusev,24,Tankathon
Filip Petrusev,53,USA Today
Filip Petrusev,59,Sam Vecenie
Filip Petrusev,47,John Hollinger
Franz Wagner,6,Bleacher Report
Franz Wagner,11,CBS
Franz Wagner,9,Chad Ford
Franz Wagner,5,Dean On Draft
Franz Wagner,10,ESPN
Franz Wagner,7,John Hollinger
Franz Wagner,13,nbadraft.net
Franz Wagner,12,Kevin O'Connor
Franz Wagner,5,SB Nation
Franz Wagner,10,Sports Illustrated
Franz Wagner,17,Sporting News
Franz Wagner,11,Tankathon
Franz Wagner,11,USA Today
Franz Wagner,14,Sam Vecenie
Greg Brown,51,Bleacher Report
Greg Brown,40,CBS
Greg Brown,35,Chad Ford
Greg Brown,51,ESPN
Greg Brown,43,John Hollinger
Greg Brown,38,nbadraft.net
Greg Brown,54,Kevin O'Connor
Greg Brown,58,Sports Illustrated
Greg Brown,28,Sporting News
Greg Brown,33,Tankathon
Greg Brown,56,USA Today
Greg Brown,44,Sam Vecenie
Herbert Jones,41,Bleacher Report
Herbert Jones,43,CBS
Herbert Jones,41,Chad Ford
Herbert Jones,45,ESPN
Herbert Jones,23,John Hollinger
Herbert Jones,41,nbadraft.net
Herbert Jones,33,Kevin O'Connor
Herbert Jones,46,Sports Illustrated
Herbert Jones,50,Sporting News
Herbert Jones,44,Tankathon
Herbert Jones,36,USA Today
Herbert Jones,28,Sam Vecenie
Ibou Dianko Badji,90,CBS
Ibou Dianko Badji,76,Sports Illustrated
Isaiah Jackson,24,Bleacher Report
Isaiah Jackson,22,CBS
Isaiah Jackson,25,Chad Ford
Isaiah Jackson,11,Dean On Draft
Isaiah Jackson,19,ESPN
Isaiah Jackson,28,John Hollinger
Isaiah Jackson,32,nbadraft.net
Isaiah Jackson,29,Kevin O'Connor
Isaiah Jackson,30,SB Nation
Isaiah Jackson,27,Sports Illustrated
Isaiah Jackson,22,Sporting News
Isaiah Jackson,20,Tankathon
Isaiah Jackson,31,USA Today
Isaiah Jackson,26,Sam Vecenie
Isaiah Livers,47,Bleacher Report
Isaiah Livers,64,CBS
Isaiah Livers,56,Chad Ford
Isaiah Livers,49,ESPN
Isaiah Livers,46,nbadraft.net
Isaiah Livers,56,Kevin O'Connor
Isaiah Livers,54,Sports Illustrated
Isaiah Livers,49,Sporting News
Isaiah Livers,46,Tankathon
Isaiah Livers,53,Sam Vecenie
Isaiah Livers,63,USA Today
Isaiah Miller,100,CBS
Isaiah Miller,80,ESPN
Isaiah Miller,100,USA Today
Isaiah Todd,36,Bleacher Report
Isaiah Todd,46,CBS
Isaiah Todd,28,Chad Ford
Isaiah Todd,46,ESPN
Isaiah Todd,44,John Hollinger
Isaiah Todd,27,nbadraft.net
Isaiah Todd,24,Kevin O'Connor
Isaiah Todd,40,Sports Illustrated
Isaiah Todd,44,Sporting News
Isaiah Todd,67,Tankathon
Isaiah Todd,57,USA Today
Isaiah Todd,54,Sam Vecenie
Jaden Springer,12,Bleacher Report
Jaden Springer,23,CBS
Jaden Springer,27,Chad Ford
Jaden Springer,10,Dean On Draft
Jaden Springer,27,ESPN
Jaden Springer,20,John Hollinger
Jaden Springer,31,nbadraft.net
Jaden Springer,22,Kevin O'Connor
Jaden Springer,11,SB Nation
Jaden Springer,26,Sports Illustrated
Jaden Springer,20,Sporting News
Jaden Springer,13,Tankathon
Jaden Springer,9,USA Today
Jaden Springer,20,Sam Vecenie
Jalen Green,2,Bleacher Report
Jalen Green,2,CBS
Jalen Green,3,Chad Ford
Jalen Green,8,Dean On Draft
Jalen Green,2,ESPN
Jalen Green,5,John Hollinger
Jalen Green,2,nbadraft.net
Jalen Green,3,Kevin O'Connor
Jalen Green,3,SB Nation
Jalen Green,3,Sports Illustrated
Jalen Green,3,Sporting News
Jalen Green,4,Tankathon
Jalen Green,3,USA Today
Jalen Green,4,Sam Vecenie
Jalen Johnson,7,Bleacher Report
Jalen Johnson,24,CBS
Jalen Johnson,18,Chad Ford
Jalen Johnson,9,Dean On Draft
Jalen Johnson,12,ESPN
Jalen Johnson,9,John Hollinger
Jalen Johnson,17,nbadraft.net
Jalen Johnson,25,Kevin O'Connor
Jalen Johnson,8,SB Nation
Jalen Johnson,12,Sports Illustrated
Jalen Johnson,35,Sporting News
Jalen Johnson,7,Tankathon
Jalen Johnson,27,USA Today
Jalen Johnson,25,Sam Vecenie
Jalen Suggs,4,Bleacher Report
Jalen Suggs,4,CBS
Jalen Suggs,4,Chad Ford
Jalen Suggs,3,Dean On Draft
Jalen Suggs,4,ESPN
Jalen Suggs,6,John Hollinger
Jalen Suggs,3,nbadraft.net
Jalen Suggs,4,Kevin O'Connor
Jalen Suggs,4,SB Nation
Jalen Suggs,4,Sports Illustrated
Jalen Suggs,4,Sporting News
Jalen Suggs,1,Tankathon
Jalen Suggs,4,USA Today
Jalen Suggs,2,Sam Vecenie
James Bouknight,17,Bleacher Report
James Bouknight,6,CBS
James Bouknight,7,Chad Ford
James Bouknight,8,ESPN
James Bouknight,13,John Hollinger
James Bouknight,7,nbadraft.net
James Bouknight,6,Kevin O'Connor
James Bouknight,16,SB Nation
James Bouknight,7,Sports Illustrated
James Bouknight,9,Sporting News
James Bouknight,16,Tankathon
James Bouknight,12,USA Today
James Bouknight,9,Sam Vecenie
Jamorko Pickett,94,nbadraft.net
JaQuori McLaughlin,87,nbadraft.net
JaQuori McLaughlin,82,ESPN
JaQuori McLaughlin,98,CBS
JaQuori McLaughlin,98,Sam Vecenie
JaQuori McLaughlin,71,USA Today
Jared Butler,13,Bleacher Report
Jared Butler,19,CBS
Jared Butler,21,Chad Ford
Jared Butler,16,Dean On Draft
Jared Butler,21,ESPN
Jared Butler,11,John Hollinger
Jared Butler,28,nbadraft.net
Jared Butler,23,Kevin O'Connor
Jared Butler,20,SB Nation
Jared Butler,18,Sports Illustrated
Jared Butler,19,Sporting News
Jared Butler,15,Tankathon
Jared Butler,17,USA Today
Jared Butler,17,Sam Vecenie
Jason Preston,53,Bleacher Report
Jason Preston,44,CBS
Jason Preston,43,Chad Ford
Jason Preston,41,ESPN
Jason Preston,24,John Hollinger
Jason Preston,36,nbadraft.net
Jason Preston,36,Kevin O'Connor
Jason Preston,29,Sports Illustrated
Jason Preston,30,Tankathon
Jason Preston,38,USA Today
Jason Preston,48,Sam Vecenie
Javonte Smart,92,CBS
Javonte Smart,96,ESPN
Javonte Smart,98,nbadraft.net
Javonte Smart,94,Sam Vecenie
Jay Huff,88,CBS
Jay Huff,77,Sports Illustrated
Jay Huff,34,Tankathon
Jay Huff,79,USA Today
Jay Huff,77,Sam Vecenie
Jeremiah Robinson-Earl,58,ESPN
Jeremiah Robinson-Earl,33,Bleacher Report
Jeremiah Robinson-Earl,41,CBS
Jeremiah Robinson-Earl,45,Chad Ford
Jeremiah Robinson-Earl,64,John Hollinger
Jeremiah Robinson-Earl,42,nbadraft.net
Jeremiah Robinson-Earl,44,Kevin O'Connor
Jeremiah Robinson-Earl,44,Sports Illustrated
Jeremiah Robinson-Earl,32,Sporting News
Jeremiah Robinson-Earl,59,Tankathon
Jeremiah Robinson-Earl,44,USA Today
Jeremiah Robinson-Earl,30,Sam Vecenie
Jericho Sims,49,Bleacher Report
Jericho Sims,58,CBS
Jericho Sims,57,Chad Ford
Jericho Sims,57,ESPN
Jericho Sims,46,John Hollinger
Jericho Sims,43,nbadraft.net
Jericho Sims,55,Kevin O'Connor
Jericho Sims,60,Sports Illustrated
Jericho Sims,61,Tankathon
Jericho Sims,52,USA Today
Jericho Sims,46,Sam Vecenie
Joe Wieskamp,37,Bleacher Report
Joe Wieskamp,36,CBS
Joe Wieskamp,42,Chad Ford
Joe Wieskamp,52,ESPN
Joe Wieskamp,36,John Hollinger
Joe Wieskamp,45,nbadraft.net
Joe Wieskamp,42,Kevin O'Connor
Joe Wieskamp,43,Sports Illustrated
Joe Wieskamp,48,Tankathon
Joe Wieskamp,40,USA Today
Joe Wieskamp,35,Sam Vecenie
Joel Ayayi,44,Bleacher Report
Joel Ayayi,47,CBS
Joel Ayayi,53,Chad Ford
Joel Ayayi,47,ESPN
Joel Ayayi,55,John Hollinger
Joel Ayayi,30,nbadraft.net
Joel Ayayi,47,Kevin O'Connor
Joel Ayayi,28,SB Nation
Joel Ayayi,25,Sports Illustrated
Joel Ayayi,29,Sporting News
Joel Ayayi,29,Tankathon
Joel Ayayi,48,USA Today
Joel Ayayi,52,Sam Vecenie
John Petty,77,Chad Ford
John Petty,70,ESPN
John Petty,61,nbadraft.net
John Petty,65,Tankathon
John Petty,72,Sam Vecenie
John Petty Jr.,69,CBS
John Petty Jr.,84,USA Today
Johnny Juzan,43,Sporting News
Jonathan Kuminga,8,Bleacher Report
Jonathan Kuminga,7,CBS
Jonathan Kuminga,6,Chad Ford
Jonathan Kuminga,17,Dean On Draft
Jonathan Kuminga,5,ESPN
Jonathan Kuminga,8,John Hollinger
Jonathan Kuminga,5,nbadraft.net
Jonathan Kuminga,7,Kevin O'Connor
Jonathan Kuminga,12,SB Nation
Jonathan Kuminga,6,Sports Illustrated
Jonathan Kuminga,6,Sporting News
Jonathan Kuminga,9,Tankathon
Jonathan Kuminga,6,USA Today
Jonathan Kuminga,5,Sam Vecenie
Jordan Schakel,73,Chad Ford
Jordan Schakel,92,ESPN
Jordan Schakel,68,John Hollinger
Jordan Schakel,69,USA Today
Jordan Schakel,86,Sam Vecenie
Jose Alvarado,84,CBS
Jose Alvarado,74,ESPN
Jose Alvarado,91,nbadraft.net
Jose Alvarado,68,Kevin O'Connor
Jose Alvarado,49,Sports Illustrated
Jose Alvarado,70,USA Today
Jose Alvarado,84,Sam Vecenie
Josh Christopher,30,Bleacher Report
Josh Christopher,37,CBS
Josh Christopher,29,Chad Ford
Josh Christopher,33,ESPN
Josh Christopher,26,John Hollinger
Josh Christopher,34,nbadraft.net
Josh Christopher,35,Kevin O'Connor
Josh Christopher,29,SB Nation
Josh Christopher,36,Sports Illustrated
Josh Christopher,45,Sporting News
Josh Christopher,38,Tankathon
Josh Christopher,30,USA Today
Josh Christopher,42,Sam Vecenie
Josh Giddey,11,Bleacher Report
Josh Giddey,9,CBS
Josh Giddey,11,Chad Ford
Josh Giddey,6,Dean On Draft
Josh Giddey,11,ESPN
Josh Giddey,10,John Hollinger
Josh Giddey,10,nbadraft.net
Josh Giddey,11,Kevin O'Connor
Josh Giddey,10,SB Nation
Josh Giddey,8,Sports Illustrated
Josh Giddey,15,Sporting News
Josh Giddey,8,Tankathon
Josh Giddey,7,USA Today
Josh Giddey,12,Sam Vecenie
Joshua Primo,39,Bleacher Report
Joshua Primo,30,CBS
Joshua Primo,36,Chad Ford
Joshua Primo,25,ESPN
Joshua Primo,42,John Hollinger
Joshua Primo,19,nbadraft.net
Joshua Primo,27,Kevin O'Connor
Joshua Primo,21,Sports Illustrated
Joshua Primo,60,Tankathon
Joshua Primo,25,USA Today
Joshua Primo,34,Sam Vecenie
JT Thor,38,Bleacher Report
JT Thor,31,CBS
JT Thor,31,Chad Ford
JT Thor,28,ESPN
JT Thor,31,John Hollinger
JT Thor,39,nbadraft.net
JT Thor,32,Kevin O'Connor
JT Thor,25,SB Nation
JT Thor,32,Sports Illustrated
JT Thor,56,Tankathon
JT Thor,24,USA Today
JT Thor,43,Sam Vecenie
Juhann Begarin,49,Tankathon
Juhann Begarin,59,CBS
Juhann Begarin,52,Chad Ford
Juhann Begarin,36,ESPN
Juhann Begarin,58,John Hollinger
Juhann Begarin,47,nbadraft.net
Juhann Begarin,37,Kevin O'Connor
Juhann Begarin,39,Sports Illustrated
Juhann Begarin,46,Sporting News
Juhann Begarin,60,USA Today
Juhann Begarin,55,Sam Vecenie
Justin Champagnie,62,CBS
Justin Champagnie,64,Chad Ford
Justin Champagnie,69,ESPN
Justin Champagnie,52,John Hollinger
Justin Champagnie,57,nbadraft.net
Justin Champagnie,58,Kevin O'Connor
Justin Champagnie,50,Sports Illustrated
Justin Champagnie,58,Sporting News
Justin Champagnie,45,USA Today
Justin Champagnie,47,Sam Vecenie
Kai Jones,23,Bleacher Report
Kai Jones,21,CBS
Kai Jones,20,Chad Ford
Kai Jones,20,ESPN
Kai Jones,32,John Hollinger
Kai Jones,12,nbadraft.net
Kai Jones,17,Kevin O'Connor
Kai Jones,15,SB Nation
Kai Jones,14,Sports Illustrated
Kai Jones,12,Sporting News
Kai Jones,22,Tankathon
Kai Jones,23,USA Today
Kai Jones,19,Sam Vecenie
Keon Johnson,18,Bleacher Report
Keon Johnson,15,CBS
Keon Johnson,14,Chad Ford
Keon Johnson,14,Dean On Draft
Keon Johnson,9,ESPN
Keon Johnson,18,John Hollinger
Keon Johnson,9,nbadraft.net
Keon Johnson,19,Kevin O'Connor
Keon Johnson,17,SB Nation
Keon Johnson,9,Sports Illustrated
Keon Johnson,8,Sporting News
Keon Johnson,14,Tankathon
Keon Johnson,21,USA Today
Keon Johnson,21,Sam Vecenie
Kessler Edwards,45,Bleacher Report
Kessler Edwards,32,CBS
Kessler Edwards,61,Chad Ford
Kessler Edwards,44,ESPN
Kessler Edwards,63,John Hollinger
Kessler Edwards,60,nbadraft.net
Kessler Edwards,41,Kevin O'Connor
Kessler Edwards,51,Sports Illustrated
Kessler Edwards,34,Sporting News
Kessler Edwards,50,Tankathon
Kessler Edwards,46,USA Today
Kessler Edwards,37,Sam Vecenie
Kofi Cockburn,59,Sporting News
Luka Garza,50,Bleacher Report
Luka Garza,67,CBS
Luka Garza,58,Chad Ford
Luka Garza,55,ESPN
Luka Garza,50,John Hollinger
Luka Garza,74,nbadraft.net
Luka Garza,59,Kevin O'Connor
Luka Garza,61,Sports Illustrated
Luka Garza,55,Sporting News
Luka Garza,53,Tankathon
Luka Garza,49,USA Today
Luka Garza,58,Sam Vecenie
M.J. Walker,57,CBS
M.J. Walker,91,Sam Vecenie
Mac McClung,95,ESPN
Mac McClung,97,CBS
Mac McClung,68,nbadraft.net
Mac McClung,97,USA Today
MaCio Teague,79,CBS
MaCio Teague,83,nbadraft.net
MaCio Teague,93,USA Today
MaCio Teague,95,Sam Vecenie
Makur Maker,87,CBS
Makur Maker,74,Tankathon
Marcus Garrett,61,CBS
Marcus Garrett,67,Chad Ford
Marcus Garrett,78,ESPN
Marcus Garrett,69,nbadraft.net
Marcus Garrett,76,USA Today
Marcus Garrett,65,Sam Vecenie
Marcus Zegarowski,78,CBS
Marcus Zegarowski,75,Chad Ford
Marcus Zegarowski,86,ESPN
Marcus Zegarowski,70,nbadraft.net
Marcus Zegarowski,63,Tankathon
Marcus Zegarowski,73,USA Today
Marcus Zegarowski,83,Sam Vecenie
Mario Nakic,51,nbadraft.net
Mark Vital,99,CBS
Mark Vital,97,ESPN
Matt Coleman,90,ESPN
Matt Coleman,70,Sam Vecenie
Matt Coleman,81,CBS
Matt Coleman,94,USA Today
Matt Mitchell,76,CBS
Matt Mitchell,71,Chad Ford
Matt Mitchell,79,ESPN
Matt Mitchell,62,USA Today
Matt Mitchell,90,Sam Vecenie
Matthew Hurt,55,Bleacher Report
Matthew Hurt,50,CBS
Matthew Hurt,74,Chad Ford
Matthew Hurt,53,ESPN
Matthew Hurt,84,nbadraft.net
Matthew Hurt,60,Kevin O'Connor
Matthew Hurt,74,Sports Illustrated
Matthew Hurt,52,Sporting News
Matthew Hurt,37,Tankathon
Matthew Hurt,80,USA Today
Matthew Hurt,61,Sam Vecenie
Matthew Mayer,38,Sporting News
Max Abmas,47,Sporting News
McKinley Wright,56,ESPN
McKinley Wright,62,Chad Ford
McKinley Wright,61,John Hollinger
McKinley Wright,75,nbadraft.net
McKinley Wright,69,Sports Illustrated
McKinley Wright,57,Bleacher Report
McKinley Wright,73,CBS
McKinley Wright,48,Kevin O'Connor
McKinley Wright,45,Tankathon
McKinley Wright,75,USA Today
McKinley Wright,51,Sam Vecenie
Miles McBride,26,Bleacher Report
Miles McBride,27,CBS
Miles McBride,26,Chad Ford
Miles McBride,32,ESPN
Miles McBride,17,John Hollinger
Miles McBride,18,nbadraft.net
Miles McBride,30,Kevin O'Connor
Miles McBride,23,SB Nation
Miles McBride,33,Sports Illustrated
Miles McBride,39,Sporting News
Miles McBride,39,Tankathon
Miles McBride,14,USA Today
Miles McBride,22,Sam Vecenie
Mitch Ballock,78,USA Today
Mitch Ballock,95,CBS
Mitch Ballock,87,ESPN
Mitch Ballock,89,Sam Vecenie
MJ Walker,92,nbadraft.net
Moses Moody,16,Bleacher Report
Moses Moody,10,CBS
Moses Moody,13,Chad Ford
Moses Moody,12,Dean On Draft
Moses Moody,16,ESPN
Moses Moody,14,John Hollinger
Moses Moody,8,nbadraft.net
Moses Moody,14,Kevin O'Connor
Moses Moody,6,SB Nation
Moses Moody,17,Sports Illustrated
Moses Moody,13,Sporting News
Moses Moody,12,Tankathon
Moses Moody,10,USA Today
Moses Moody,7,Sam Vecenie
Moses Wright,66,CBS
Moses Wright,70,Chad Ford
Moses Wright,77,ESPN
Moses Wright,48,John Hollinger
Moses Wright,65,nbadraft.net
Moses Wright,66,Kevin O'Connor
Moses Wright,68,Sports Illustrated
Moses Wright,64,USA Today
Moses Wright,49,Sam Vecenie
Nah'Shon Hyland,32,Bleacher Report
Nah'Shon Hyland,29,CBS
Nah'Shon Hyland,30,Chad Ford
Nah'Shon Hyland,30,ESPN
Nah'Shon Hyland,34,John Hollinger
Nah'Shon Hyland,21,nbadraft.net
Nah'Shon Hyland,34,Kevin O'Connor
Nah'Shon Hyland,22,SB Nation
Nah'Shon Hyland,34,Sports Illustrated
Nah'Shon Hyland,26,Sporting News
Nah'Shon Hyland,40,Tankathon
Nah'Shon Hyland,15,USA Today
Nah'Shon Hyland,31,Sam Vecenie
Neemias Queta,59,Bleacher Report
Neemias Queta,49,CBS
Neemias Queta,40,Chad Ford
Neemias Queta,61,ESPN
Neemias Queta,22,John Hollinger
Neemias Queta,44,nbadraft.net
Neemias Queta,53,Kevin O'Connor
Neemias Queta,48,Sports Illustrated
Neemias Queta,21,Tankathon
Neemias Queta,43,USA Today
Neemias Queta,56,Sam Vecenie
Olivier Sarr,82,nbadraft.net
Oscar da Silva,72,Sports Illustrated
Oscar da Silva,57,Tankathon
Oscar da Silva,92,USA Today
Oscarda,97,nbadraft.net
Quentin Grimes,29,Bleacher Report
Quentin Grimes,33,CBS
Quentin Grimes,38,Chad Ford
Quentin Grimes,29,ESPN
Quentin Grimes,54,John Hollinger
Quentin Grimes,37,nbadraft.net
Quentin Grimes,43,Kevin O'Connor
Quentin Grimes,30,Sports Illustrated
Quentin Grimes,26,Tankathon
Quentin Grimes,41,USA Today
Quentin Grimes,38,Sam Vecenie
RaiQuan Gray,54,ESPN
RaiQuan Gray,56,Bleacher Report
RaiQuan Gray,55,CBS
RaiQuan Gray,46,Chad Ford
RaiQuan Gray,38,John Hollinger
RaiQuan Gray,67,nbadraft.net
RaiQuan Gray,49,Kevin O'Connor
RaiQuan Gray,64,Sports Illustrated
RaiQuan Gray,48,Sporting News
RaiQuan Gray,51,Tankathon
RaiQuan Gray,72,USA Today
RaiQuan Gray,63,Sam Vecenie
RJ Nembhard,85,ESPN
RJ Nembhard,62,nbadraft.net
RJ Nembhard,87,USA Today
RJ Nembhard,88,Sam Vecenie
Rokas Jokubaitis,43,Bleacher Report
Rokas Jokubaitis,48,CBS
Rokas Jokubaitis,37,Chad Ford
Rokas Jokubaitis,43,ESPN
Rokas Jokubaitis,37,John Hollinger
Rokas Jokubaitis,59,nbadraft.net
Rokas Jokubaitis,45,Kevin O'Connor
Rokas Jokubaitis,57,Sports Illustrated
Rokas Jokubaitis,25,Sporting News
Rokas Jokubaitis,36,Tankathon
Rokas Jokubaitis,54,USA Today
Rokas Jokubaitis,29,Sam Vecenie
Roko Prkacin,21,John Hollinger
Roko Prkacin,37,Sports Illustrated
Roko Prkacin,18,Sporting News
Romeo Weems,83,ESPN
Romeo Weems,96,nbadraft.net
Romeo Weems,73,Tankathon
Ron Harper Jr.,55,Tankathon
Sam Hauser,50,USA Today
Sam Hauser,58,Bleacher Report
Sam Hauser,52,CBS
Sam Hauser,63,ESPN
Sam Hauser,64,nbadraft.net
Sam Hauser,64,Kevin O'Connor
Sam Hauser,70,Sports Illustrated
Sam Hauser,68,Sam Vecenie
Sandro Mamukelashvili,56,Sporting News
Sandro Mamukelashvili,60,Bleacher Report
Sandro Mamukelashvili,65,CBS
Sandro Mamukelashvili,47,Chad Ford
Sandro Mamukelashvili,68,ESPN
Sandro Mamukelashvili,70,John Hollinger
Sandro Mamukelashvili,73,nbadraft.net
Sandro Mamukelashvili,57,Kevin O'Connor
Sandro Mamukelashvili,63,Sports Illustrated
Sandro Mamukelashvili,68,USA Today
Sandro Mamukelashvili,45,Sam Vecenie
Santi Aldama,72,CBS
Santi Aldama,59,Chad Ford
Santi Aldama,59,ESPN
Santi Aldama,27,John Hollinger
Santi Aldama,51,Kevin O'Connor
Santi Aldama,33,USA Today
Santi Aldama,36,Sam Vecenie
Santi Aldama,80,Sports Illustrated
Scottie Barnes,5,Bleacher Report
Scottie Barnes,5,CBS
Scottie Barnes,5,Chad Ford
Scottie Barnes,2,Dean On Draft
Scottie Barnes,6,ESPN
Scottie Barnes,3,John Hollinger
Scottie Barnes,6,nbadraft.net
Scottie Barnes,5,Kevin O'Connor
Scottie Barnes,7,SB Nation
Scottie Barnes,5,Sports Illustrated
Scottie Barnes,11,Sporting News
Scottie Barnes,6,Tankathon
Scottie Barnes,5,USA Today
Scottie Barnes,6,Sam Vecenie
Scottie Lewis,67,Kevin O'Connor
Scottie Lewis,63,CBS
Scottie Lewis,75,ESPN
Scottie Lewis,79,nbadraft.net
Scottie Lewis,42,Tankathon
Scottie Lewis,67,USA Today
Scottie Lewis,78,Sam Vecenie
Sharife Cooper,10,Bleacher Report
Sharife Cooper,28,CBS
Sharife Cooper,24,Chad Ford
Sharife Cooper,15,Dean On Draft
Sharife Cooper,17,ESPN
Sharife Cooper,29,John Hollinger
Sharife Cooper,35,nbadraft.net
Sharife Cooper,21,Kevin O'Connor
Sharife Cooper,9,SB Nation
Sharife Cooper,31,Sports Illustrated
Sharife Cooper,7,Sporting News
Sharife Cooper,18,Tankathon
Sharife Cooper,8,USA Today
Sharife Cooper,24,Sam Vecenie
Tre Mann,15,Bleacher Report
Tre Mann,26,CBS
Tre Mann,34,Chad Ford
Tre Mann,22,ESPN
Tre Mann,40,John Hollinger
Tre Mann,26,nbadraft.net
Tre Mann,28,Kevin O'Connor
Tre Mann,24,SB Nation
Tre Mann,23,Sports Illustrated
Tre Mann,23,Sporting News
Tre Mann,43,Tankathon
Tre Mann,28,USA Today
Tre Mann,33,Sam Vecenie
Trendon Watford,85,CBS
Trendon Watford,63,Chad Ford
Trendon Watford,64,ESPN
Trendon Watford,81,nbadraft.net
Trendon Watford,51,Sporting News
Trendon Watford,71,Tankathon
Trendon Watford,65,USA Today
Trendon Watford,76,Sam Vecenie
Trey Murphy,22,Bleacher Report
Trey Murphy,25,CBS
Trey Murphy,17,Chad Ford
Trey Murphy,18,ESPN
Trey Murphy,35,John Hollinger
Trey Murphy,14,nbadraft.net
Trey Murphy,13,Kevin O'Connor
Trey Murphy,27,SB Nation
Trey Murphy,20,Sports Illustrated
Trey Murphy,54,Sporting News
Trey Murphy,25,Tankathon
Trey Murphy,16,USA Today
Trey Murphy,16,Sam Vecenie
Usman Garuba,25,Bleacher Report
Usman Garuba,17,CBS
Usman Garuba,19,Chad Ford
Usman Garuba,14,ESPN
Usman Garuba,15,John Hollinger
Usman Garuba,25,nbadraft.net
Usman Garuba,15,Kevin O'Connor
Usman Garuba,18,SB Nation
Usman Garuba,15,Sports Illustrated
Usman Garuba,21,Sporting News
Usman Garuba,23,Tankathon
Usman Garuba,13,USA Today
Usman Garuba,11,Sam Vecenie
Vrenz Bleijenbergh,48,Bleacher Report
Vrenz Bleijenbergh,94,CBS
Vrenz Bleijenbergh,39,Chad Ford
Vrenz Bleijenbergh,67,ESPN
Vrenz Bleijenbergh,60,John Hollinger
Vrenz Bleijenbergh,48,nbadraft.net
Vrenz Bleijenbergh,69,Kevin O'Connor
Vrenz Bleijenbergh,47,Tankathon
Vrenz Bleijenbergh,42,USA Today
Vrenz Bleijenbergh,67,Sam Vecenie
Vrenz Bleijenbergh,67,Sports Illustrated
Yoan Makoundou,57,John Hollinger
Yves Pons,80,Chad Ford
Yves Pons,73,ESPN
Yves Pons,80,nbadraft.net
Yves Pons,63,Kevin O'Connor
Yves Pons,71,Sports Illustrated
Yves Pons,69,Tankathon
Yves Pons,77,USA Today
Yves Pons,69,Sam Vecenie
Ziaire Williams,31,Bleacher Report
Ziaire Williams,13,CBS
Ziaire Williams,12,Chad Ford
Ziaire Williams,24,ESPN
Ziaire Williams,30,John Hollinger
Ziaire Williams,16,nbadraft.net
Ziaire Williams,20,Kevin O'Connor
Ziaire Williams,14,SB Nation
Ziaire Williams,22,Sports Illustrated
Ziaire Williams,31,Sporting News
Ziaire Williams,32,Tankathon
Ziaire Williams,26,USA Today
Ziaire Williams,15,Sam Vecenie
