"Player","X.","Pos","Height","Weight","Birthdate","Age","Exp","School","How.Acquired","tm"
"Jacob Toppin",0,"F","6-8","200 lbs","MAY 08, 2000",25,"2","Kentucky","Signed on 03/04/25","https://www.nba.com/summer-league/2025/las-vegas/team/1610612737/hawks"
"Kobe Bufkin",4,"G","6-5","200 lbs","SEP 21, 2003",21,"2","Michigan","#15 Pick in 2023 Draft","https://www.nba.com/summer-league/2025/las-vegas/team/1610612737/hawks"
"Kobe Johnson",12,"G","6-6","200 lbs","JAN 15, 2003",22,"R","UCLA","","https://www.nba.com/summer-league/2025/las-vegas/team/1610612737/hawks"
"Javan Johnson",13,"F","6-6","192 lbs","JAN 05, 1999",26,"R","DePaul","","https://www.nba.com/summer-league/2025/las-vegas/team/1610612737/hawks"
"Asa Newell",14,"F","6-11","224 lbs","OCT 05, 2005",19,"R","Georgia","Draft Rights Traded from NOP on 06/25/25","https://www.nba.com/summer-league/2025/las-vegas/team/1610612737/hawks"
"Devion Smith",16,"G","6-0","175 lbs","MAR 08, 2002",23,"R","St. John's","","https://www.nba.com/summer-league/2025/las-vegas/team/1610612737/hawks"
"Dwight Murray Jr.",19,"G","6-0","180 lbs","JAN 31, 2000",25,"R","Rider","","https://www.nba.com/summer-league/2025/las-vegas/team/1610612737/hawks"
"Eli John Ndiaye",20,"C","6-10","209 lbs","JUN 26, 2004",21,"R","Real Madrid","Signed on 07/03/25","https://www.nba.com/summer-league/2025/las-vegas/team/1610612737/hawks"
"Josh Christopher",20,"G","6-4","215 lbs","DEC 08, 2001",23,"3","Arizona State","","https://www.nba.com/summer-league/2025/las-vegas/team/1610612737/hawks"
"Nikola Ðurišic",22,"F-G","6-8","209 lbs","FEB 23, 2004",21,"R","Mega","","https://www.nba.com/summer-league/2025/las-vegas/team/1610612737/hawks"
"Adam Flagler",29,"G","6-3","185 lbs","DEC 01, 1999",25,"2","Baylor","","https://www.nba.com/summer-league/2025/las-vegas/team/1610612737/hawks"
"Lamont Butler",31,"G","6-2","200 lbs","JUN 09, 2002",23,"R","Kentucky","","https://www.nba.com/summer-league/2025/las-vegas/team/1610612737/hawks"
"Jack McVeigh",32,"F","6-7","205 lbs","JUN 27, 1996",29,"1","Nebraska-Lincoln","","https://www.nba.com/summer-league/2025/las-vegas/team/1610612737/hawks"
"Nell Joseph",35,"F","6-10","245 lbs","NOV 20, 2001",23,"R","New Mexico","","https://www.nba.com/summer-league/2025/las-vegas/team/1610612737/hawks"
"Jack White",41,"F","6-6","225 lbs","AUG 05, 1997",27,"2","Duke","","https://www.nba.com/summer-league/2025/las-vegas/team/1610612737/hawks"
"Jake Stephens",45,"C","6-11","270 lbs","NOV 05, 1999",25,"R","Chattanooga","","https://www.nba.com/summer-league/2025/las-vegas/team/1610612737/hawks"
"Jordan Walsh",27,"F","6-7","208 lbs","MAR 03, 2004",21,"2","Arkansas","Draft Rights Traded from SAC on 06/28/23","https://www.nba.com/summer-league/2025/las-vegas/team/1610612738/celtics"
"Hugo González",28,"F","6-6","205 lbs","FEB 05, 2006",19,"R","Real Madrid","#28 Pick in 2025 Draft","https://www.nba.com/summer-league/2025/las-vegas/team/1610612738/celtics"
"Max Shulga",29,"G","6-5","210 lbs","JUN 25, 2002",23,"R","Virginia Commonwealth","Draft Rights Traded from ORL on 06/26/25","https://www.nba.com/summer-league/2025/las-vegas/team/1610612738/celtics"
"Hayden Gray",37,"G","6-4","190 lbs","MAY 11, 2003",22,"R","UC-San Diego","","https://www.nba.com/summer-league/2025/las-vegas/team/1610612738/celtics"
"Kendall Brown",38,"G","6-7","205 lbs","MAY 11, 2003",22,"2","Baylor","","https://www.nba.com/summer-league/2025/las-vegas/team/1610612738/celtics"
"Jalen Bridges",41,"F","6-8","225 lbs","MAY 14, 2001",24,"1","Baylor","","https://www.nba.com/summer-league/2025/las-vegas/team/1610612738/celtics"
"Miles Norris",44,"F","6-7","200 lbs","APR 15, 2000",25,"1","California-Santa Barbara","Signed on 03/04/25","https://www.nba.com/summer-league/2025/las-vegas/team/1610612738/celtics"
"Aaron Scott",45,"F","6-7","200 lbs","JUL 11, 2003",22,"R","St. John's","","https://www.nba.com/summer-league/2025/las-vegas/team/1610612738/celtics"
"Kenneth Lofton Jr.",50,"F-C","6-6","275 lbs","AUG 14, 2002",22,"2","Louisiana Tech","","https://www.nba.com/summer-league/2025/las-vegas/team/1610612738/celtics"
"Zach Hicks",51,"F","6-8","200 lbs","APR 22, 2003",22,"R","Penn State","","https://www.nba.com/summer-league/2025/las-vegas/team/1610612738/celtics"
"Ben Gregg",52,"F","6-10","230 lbs","OCT 14, 2002",22,"R","Gonzaga","","https://www.nba.com/summer-league/2025/las-vegas/team/1610612738/celtics"
"Baylor Scheierman",55,"G-F","6-6","213 lbs","SEP 26, 2000",24,"1","Creighton","#30 Pick in 2024 Draft","https://www.nba.com/summer-league/2025/las-vegas/team/1610612738/celtics"
"Amari Williams",77,"C","7-0","250 lbs","JAN 28, 2002",23,"R","Kentucky","Draft Rights Traded from ORL on 06/26/25","https://www.nba.com/summer-league/2025/las-vegas/team/1610612738/celtics"
"Terry Roberts",0,"G","6-2","171 lbs","SEP 07, 2000",24,"R","Georgia","","https://www.nba.com/summer-league/2025/las-vegas/team/1610612751/nets"
"Drake Powell",4,"G-F","6-5","200 lbs","SEP 08, 2005",19,"R","North Carolina","Draft Rights Traded from ATL on 07/07/25","https://www.nba.com/summer-league/2025/las-vegas/team/1610612751/nets"
"Egor Dëmin",8,"G","6-8","200 lbs","MAR 03, 2006",19,"R","Brigham Young","#8 Pick in 2025 Draft","https://www.nba.com/summer-league/2025/las-vegas/team/1610612751/nets"
"Tyson Etienne",10,"G","6-2","200 lbs","SEP 17, 1999",25,"1","Wichita State","Signed on 09/10/24","https://www.nba.com/summer-league/2025/las-vegas/team/1610612751/nets"
"Tosan Evbuomwan",12,"F","6-7","217 lbs","FEB 16, 2001",24,"2","Princeton","Signed on 01/01/25","https://www.nba.com/summer-league/2025/las-vegas/team/1610612751/nets"
"Grant Nelson",16,"F-C","6-11","230 lbs","MAR 18, 2002",23,"R","Alabama","","https://www.nba.com/summer-league/2025/las-vegas/team/1610612751/nets"
"Tyrese Samuel",17,"F-C","6-10","240 lbs","MAR 10, 2000",25,"R","Florida","","https://www.nba.com/summer-league/2025/las-vegas/team/1610612751/nets"
"Danny Wolf",18,"F","6-11","254 lbs","MAY 05, 2004",21,"R","Michigan","#27 Pick in 2025 Draft","https://www.nba.com/summer-league/2025/las-vegas/team/1610612751/nets"
"Nolan Traore",19,"G","6-3","175 lbs","MAY 28, 2006",19,"R","France","#19 Pick in 2025 Draft","https://www.nba.com/summer-league/2025/las-vegas/team/1610612751/nets"
"Drew Timme",26,"F","6-10","235 lbs","SEP 09, 2000",24,"1","Gonzaga","Signed on 03/28/25","https://www.nba.com/summer-league/2025/las-vegas/team/1610612751/nets"
"Caleb Daniels",28,"G","6-4","210 lbs","MAY 17, 1999",26,"R","Villanova","","https://www.nba.com/summer-league/2025/las-vegas/team/1610612751/nets"
"D'Andre Davis",34,"G-F","6-6","215 lbs","AUG 23, 2001",23,"R","Mississippi","","https://www.nba.com/summer-league/2025/las-vegas/team/1610612751/nets"
"Quincy Olivari",41,"G","6-3","200 lbs","MAY 27, 2001",24,"1","Xavier","","https://www.nba.com/summer-league/2025/las-vegas/team/1610612751/nets"
"Justyn Hamilton",50,"C","6-10","205 lbs","MAR 29, 1999",26,"R","Kent State","","https://www.nba.com/summer-league/2025/las-vegas/team/1610612751/nets"
"TJ Bamba",55,"G","6-5","220 lbs","JAN 06, 2001",24,"R","Oregon","","https://www.nba.com/summer-league/2025/las-vegas/team/1610612751/nets"
"Ben Saraf",77,"G","6-8","206 lbs","APR 14, 2006",19,"R","Ratiopharm Ulm","#26 Pick in 2025 Draft","https://www.nba.com/summer-league/2025/las-vegas/team/1610612751/nets"
"Sion James",4,"G","6-5","218 lbs","DEC 04, 2002",22,"R","Duke","#33 Pick in 2025 Draft","https://www.nba.com/summer-league/2025/las-vegas/team/1610612766/hornets"
"Damion Baugh",5,"G","6-4","195 lbs","AUG 03, 2000",24,"2","TCU","Signed on 02/12/25","https://www.nba.com/summer-league/2025/las-vegas/team/1610612766/hornets"
"Kon Knueppel",7,"G-F","6-7","217 lbs","AUG 03, 2005",19,"R","Duke","#4 Pick in 2025 Draft","https://www.nba.com/summer-league/2025/las-vegas/team/1610612766/hornets"
"Ryan Kalkbrenner",11,"C","7-1","257 lbs","JAN 17, 2002",23,"R","Creighton","#34 Pick in 2025 Draft","https://www.nba.com/summer-league/2025/las-vegas/team/1610612766/hornets"
"PJ Hall",16,"F-C","6-10","245 lbs","FEB 21, 2002",23,"1","Clemson","","https://www.nba.com/summer-league/2025/las-vegas/team/1610612766/hornets"
"Dajuan Harris Jr.",17,"G","6-2","175 lbs","DEC 11, 2000",24,"R","Kansas","","https://www.nba.com/summer-league/2025/las-vegas/team/1610612766/hornets"
"James Banks III",18,"C","6-10","250 lbs","JAN 16, 1998",27,"5","Georgia Tech","","https://www.nba.com/summer-league/2025/las-vegas/team/1610612766/hornets"
"Jaylen Sims",20,"G-F","6-7","210 lbs","DEC 11, 1998",26,"3","UNC-Wilmington","","https://www.nba.com/summer-league/2025/las-vegas/team/1610612766/hornets"
"M.J. Walker Jr.",21,"G","6-5","213 lbs","MAR 28, 1998",27,"4","Florida State","","https://www.nba.com/summer-league/2025/las-vegas/team/1610612766/hornets"
"Josh Oduro",22,"F-C","6-9","240 lbs","OCT 14, 2000",24,"1","Providence","","https://www.nba.com/summer-league/2025/las-vegas/team/1610612766/hornets"
"KJ Simpson",25,"G","6-2","190 lbs","AUG 08, 2002",22,"1","Colorado","#42 Pick in 2024 Draft","https://www.nba.com/summer-league/2025/las-vegas/team/1610612766/hornets"
"D.J. Rodman",27,"G-F","6-6","215 lbs","APR 25, 2001",24,"1","USC","","https://www.nba.com/summer-league/2025/las-vegas/team/1610612766/hornets"
"Tidjane Salaün",31,"F","6-9","205 lbs","AUG 10, 2005",19,"1","Cholet","#6 Pick in 2024 Draft","https://www.nba.com/summer-league/2025/las-vegas/team/1610612766/hornets"
"Liam McNeeley",33,"F","6-7","215 lbs","OCT 10, 2005",19,"R","Connecticut","Draft Rights Traded from PHX on 06/30/25","https://www.nba.com/summer-league/2025/las-vegas/team/1610612766/hornets"
"Jamiya Neal",77,"G","6-5","190 lbs","APR 04, 2003",22,"R","Creighton","","https://www.nba.com/summer-league/2025/las-vegas/team/1610612766/hornets"
"Javon Freeman-Liberty",0,"G","6-4","190 lbs","OCT 20, 1999",25,"1","DePaul","","https://www.nba.com/summer-league/2025/las-vegas/team/1610612741/bulls"
"Matas Buzelis",14,"F","6-9","196 lbs","OCT 13, 2004",20,"1","NBA G League Ignite","#11 Pick in 2024 Draft","https://www.nba.com/summer-league/2025/las-vegas/team/1610612741/bulls"
"William Hickey",16,"G","6-5","203 lbs","JAN 18, 1999",26,"R","Illawarra Hawks (Australia)","","https://www.nba.com/summer-league/2025/las-vegas/team/1610612741/bulls"
"Jahmir Young",17,"G","6-2","185 lbs","OCT 07, 2000",24,"1","Maryland","Signed on 02/19/25","https://www.nba.com/summer-league/2025/las-vegas/team/1610612741/bulls"
"Emanuel Miller",20,"F","6-7","215 lbs","JUN 19, 2000",25,"1","TCU","Signed on 12/27/24","https://www.nba.com/summer-league/2025/las-vegas/team/1610612741/bulls"
"Noa Essengue",24,"F","6-9","194 lbs","DEC 18, 2006",18,"R","Ratiopharm Ulm","#12 Pick in 2025 Draft","https://www.nba.com/summer-league/2025/las-vegas/team/1610612741/bulls"
"David Muoka",27,"C-F","6-10","235 lbs","DEC 14, 2000",24,"R","UNLV","","https://www.nba.com/summer-league/2025/las-vegas/team/1610612741/bulls"
"Caleb Grill",31,"G","6-3","205 lbs","JUN 15, 2000",25,"R","Missouri","Signed on 07/06/25","https://www.nba.com/summer-league/2025/las-vegas/team/1610612741/bulls"
"Yuki Kawamura",37,"G","5-8","159 lbs","MAY 02, 2001",24,"1","Yokohama B-Corsairs (Japan)","","https://www.nba.com/summer-league/2025/las-vegas/team/1610612741/bulls"
"Maozinha Pereira",45,"F","6-8","217 lbs","AUG 28, 2000",24,"1","Corinthians (Brazil)","","https://www.nba.com/summer-league/2025/las-vegas/team/1610612741/bulls"
"Lachlan Olbrich",47,"F-C","6-10","236 lbs","DEC 30, 2003",21,"R","Illawarra","Draft Rights Traded from LAL on 06/30/25","https://www.nba.com/summer-league/2025/las-vegas/team/1610612741/bulls"
"Wooga Poplar",55,"G","6-5","197 lbs","JAN 05, 2003",22,"R","Miami","Signed on 07/06/25","https://www.nba.com/summer-league/2025/las-vegas/team/1610612741/bulls"
"Romeo Weems",88,"F","6-7","215 lbs","JUN 09, 2001",24,"R","DePaul","","https://www.nba.com/summer-league/2025/las-vegas/team/1610612741/bulls"
"Craig Porter Jr.",9,"G","6-2","176 lbs","FEB 26, 2000",25,"2","Wichita State","Signed on 07/03/23","https://www.nba.com/summer-league/2025/las-vegas/team/1610612739/cavaliers"
"Jaxson Robinson",14,"G","6-6","190 lbs","DEC 03, 2002",22,"R","Kentucky","","https://www.nba.com/summer-league/2025/las-vegas/team/1610612739/cavaliers"
"Norchad Omier",15,"C","6-7","245 lbs","AUG 28, 2001",23,"R","Baylor","","https://www.nba.com/summer-league/2025/las-vegas/team/1610612739/cavaliers"
"Jaylon Tyson",20,"G","6-6","215 lbs","DEC 02, 2002",22,"1","California","#20 Pick in 2024 Draft","https://www.nba.com/summer-league/2025/las-vegas/team/1610612739/cavaliers"
"Kadin Shedrick",21,"C","6-10","213 lbs","JUL 27, 2001",23,"R","Texas","","https://www.nba.com/summer-league/2025/las-vegas/team/1610612739/cavaliers"
"Tyrese Proctor",24,"G","6-5","183 lbs","APR 01, 2004",21,"R","Duke","#49 Pick in 2025 Draft","https://www.nba.com/summer-league/2025/las-vegas/team/1610612739/cavaliers"
"Nae'Qwan Tomlin",30,"F","6-9","210 lbs","DEC 19, 2000",24,"1","Memphis","Signed on 09/23/24","https://www.nba.com/summer-league/2025/las-vegas/team/1610612739/cavaliers"
"Darius Brown",36,"G","6-2","195 lbs","JUL 28, 1999",25,"R","Utah State","","https://www.nba.com/summer-league/2025/las-vegas/team/1610612739/cavaliers"
"Warith Alatishe",37,"F","6-7","200 lbs","JAN 22, 2000",25,"R","Oregon State","","https://www.nba.com/summer-league/2025/las-vegas/team/1610612739/cavaliers"
"Tristan Enaruna",38,"F","6-8","220 lbs","JUN 26, 2001",24,"R","Cleveland State","","https://www.nba.com/summer-league/2025/las-vegas/team/1610612739/cavaliers"
"Chaney Johnson",39,"F","6-8","225 lbs","JUN 20, 2002",23,"R","Auburn","","https://www.nba.com/summer-league/2025/las-vegas/team/1610612739/cavaliers"
"Denver Jones",44,"G","6-1","196 lbs","NOV 02, 2000",24,"R","Auburn","","https://www.nba.com/summer-league/2025/las-vegas/team/1610612739/cavaliers"
"Saliou Niang",77,"F","6-8","204 lbs","MAY 14, 2004",21,"R","Trento","#58 Pick in 2025 Draft","https://www.nba.com/summer-league/2025/las-vegas/team/1610612739/cavaliers"
"Ryan Nembhard",9,"G","6-0","180 lbs","MAR 10, 2003",22,"R","Gonzaga","Signed on 07/03/25","https://www.nba.com/summer-league/2025/las-vegas/team/1610612742/mavericks"
"Miles Kelly",14,"G","6-6","190 lbs","JAN 26, 2003",22,"R","Auburn","Signed on 07/03/25","https://www.nba.com/summer-league/2025/las-vegas/team/1610612742/mavericks"
"Melvin Ajinca",17,"F","6-8","218 lbs","JUN 24, 2004",21,"R","LDLC ASVEL","","https://www.nba.com/summer-league/2025/las-vegas/team/1610612742/mavericks"
"Nolan Hickman",27,"G","6-2","190 lbs","MAY 07, 2003",22,"R","Gonzaga","","https://www.nba.com/summer-league/2025/las-vegas/team/1610612742/mavericks"
"Zhuric Phelps",28,"G","6-4","190 lbs","MAY 15, 2002",23,"R","Texas A&M","","https://www.nba.com/summer-league/2025/las-vegas/team/1610612742/mavericks"
"Cooper Flagg",32,"F","6-9","205 lbs","DEC 21, 2006",18,"R","Duke","#1 Pick in 2025 Draft","https://www.nba.com/summer-league/2025/las-vegas/team/1610612742/mavericks"
"Jamarion Sharp",33,"C","7-5","235 lbs","AUG 26, 2001",23,"R","Ole Miss","","https://www.nba.com/summer-league/2025/las-vegas/team/1610612742/mavericks"
"Aliou Diarra",34,"C","6-9","192 lbs","DEC 31, 2001",23,"R","APR","","https://www.nba.com/summer-league/2025/las-vegas/team/1610612742/mavericks"
"Matthew Cleveland",35,"G-F","6-7","210 lbs","SEP 15, 2002",22,"R","Miami","Signed on 07/08/25","https://www.nba.com/summer-league/2025/las-vegas/team/1610612742/mavericks"
"Maxwell Lewis",36,"F","6-7","215 lbs","JUL 27, 2002",22,"2","Pepperdine","","https://www.nba.com/summer-league/2025/las-vegas/team/1610612742/mavericks"
"Jordan Hall",37,"F","6-7","215 lbs","JAN 14, 2002",23,"1","Saint Joseph's","","https://www.nba.com/summer-league/2025/las-vegas/team/1610612742/mavericks"
"Matt Cross",43,"F","6-7","230 lbs","FEB 21, 2001",24,"R","SMU","","https://www.nba.com/summer-league/2025/las-vegas/team/1610612742/mavericks"
"Obinna Anochili-Killen",44,"F","6-8","220 lbs","SEP 27, 2001",23,"R","Marshall","","https://www.nba.com/summer-league/2025/las-vegas/team/1610612742/mavericks"
"Moussa Cisse",45,"C","6-11","229 lbs","SEP 10, 2002",22,"R","Memphis","Signed on 07/08/25","https://www.nba.com/summer-league/2025/las-vegas/team/1610612742/mavericks"
"Gabe McGlothan",46,"F","6-7","235 lbs","MAR 03, 1999",26,"R","Grand Canyon","","https://www.nba.com/summer-league/2025/las-vegas/team/1610612742/mavericks"
"Jaylin Williams",47,"F","6-8","245 lbs","JUL 26, 2000",24,"R","Auburn","","https://www.nba.com/summer-league/2025/las-vegas/team/1610612742/mavericks"
"Reece Beekman",4,"G","6-1","190 lbs","OCT 08, 2001",23,"1","Virginia","","https://www.nba.com/summer-league/2025/las-vegas/team/1610612743/nuggets"
"Hunter Tyson",5,"F","6-8","215 lbs","JUN 13, 2000",25,"2","Clemson","Draft Rights Traded from OKC on 06/23/23","https://www.nba.com/summer-league/2025/las-vegas/team/1610612743/nuggets"
"Reyne Smith",6,"G","6-2","180 lbs","OCT 28, 2002",22,"R","Louisville","","https://www.nba.com/summer-league/2025/las-vegas/team/1610612743/nuggets"
"Keyontae Johnson",9,"F","6-5","230 lbs","MAY 24, 2000",25,"1","Kansas State","","https://www.nba.com/summer-league/2025/las-vegas/team/1610612743/nuggets"
"Boo Buie",10,"G","6-2","180 lbs","DEC 07, 1999",25,"R","Northwestern","","https://www.nba.com/summer-league/2025/las-vegas/team/1610612743/nuggets"
"DaRon Holmes II",14,"F","6-9","236 lbs","AUG 15, 2002",22,"R","Dayton","Draft Rights Traded from PHX on 06/26/24","https://www.nba.com/summer-league/2025/las-vegas/team/1610612743/nuggets"
"Logan Johnson",16,"G","6-2","170 lbs","OCT 11, 1999",25,"R","St. Mary's (CA)","","https://www.nba.com/summer-league/2025/las-vegas/team/1610612743/nuggets"
"Kaodirichi Akobundu-Ehiogu",20,"F","6-10","209 lbs","OCT 07, 1999",25,"R","Memphis","","https://www.nba.com/summer-league/2025/las-vegas/team/1610612743/nuggets"
"Spencer Jones",21,"F","6-7","225 lbs","JUN 14, 2001",24,"1","Stanford","Signed on 07/30/24","https://www.nba.com/summer-league/2025/las-vegas/team/1610612743/nuggets"
"Terrence Hargrove Jr.",22,"F","6-4","215 lbs","MAY 10, 2001",24,"R","St. Louis","","https://www.nba.com/summer-league/2025/las-vegas/team/1610612743/nuggets"
"Tamar Bates",23,"G","6-5","193 lbs","FEB 21, 2003",22,"R","Missouri","Signed on 07/02/25","https://www.nba.com/summer-league/2025/las-vegas/team/1610612743/nuggets"
"Tyrell Harrison",24,"C","7-1","210 lbs","JUL 06, 1999",26,"R","Brisbane (Australia)","","https://www.nba.com/summer-league/2025/las-vegas/team/1610612743/nuggets"
"Curtis Jones",25,"G","6-5","165 lbs","OCT 04, 2001",23,"R","Iowa State","","https://www.nba.com/summer-league/2025/las-vegas/team/1610612743/nuggets"
"E.J. Liddell",31,"F","6-7","240 lbs","DEC 18, 2000",24,"2","Ohio State","","https://www.nba.com/summer-league/2025/las-vegas/team/1610612743/nuggets"
"Ibou Badji",41,"C","7-1","240 lbs","OCT 13, 2002",22,"1","NBA Academy Africa","","https://www.nba.com/summer-league/2025/las-vegas/team/1610612743/nuggets"
"Donovan Williams",43,"G","6-6","190 lbs","SEP 06, 2001",23,"1","UNLV","","https://www.nba.com/summer-league/2025/las-vegas/team/1610612743/nuggets"
"Ronald Holland II",5,"F-G","6-8","206 lbs","JUL 07, 2005",20,"1","NBA G League Ignite","#5 Pick in 2024 Draft","https://www.nba.com/summer-league/2025/las-vegas/team/1610612765/pistons"
"Chaz Lanier",20,"G","6-5","205 lbs","DEC 19, 2001",23,"R","Tennessee","#37 Pick in 2025 Draft","https://www.nba.com/summer-league/2025/las-vegas/team/1610612765/pistons"
"Daniss Jenkins",24,"G","6-3","185 lbs","AUG 17, 2001",23,"1","St. John's","Signed on 07/06/24","https://www.nba.com/summer-league/2025/las-vegas/team/1610612765/pistons"
"Zakai Zeigler",26,"G","5-9","170 lbs","AUG 02, 2002",22,"R","Tennessee","","https://www.nba.com/summer-league/2025/las-vegas/team/1610612765/pistons"
"T.J. Madlock",27,"G","6-3","190 lbs","JAN 01, 2002",23,"R","Alabama State","","https://www.nba.com/summer-league/2025/las-vegas/team/1610612765/pistons"
"Sincere Carry",29,"G","6-1","185 lbs","SEP 15, 1999",25,"R","Kent State","","https://www.nba.com/summer-league/2025/las-vegas/team/1610612765/pistons"
"Bobi Klintman",34,"F","6-9","225 lbs","MAR 06, 2003",22,"1","Wake Forest","Draft Rights Traded from MIN on 07/06/24","https://www.nba.com/summer-league/2025/las-vegas/team/1610612765/pistons"
"Tolu Smith",35,"C","6-11","250 lbs","JUL 26, 2000",24,"1","Mississippi State","Signed on 09/17/24","https://www.nba.com/summer-league/2025/las-vegas/team/1610612765/pistons"
"Trevor Keels",37,"G","6-5","221 lbs","AUG 26, 2003",21,"1","Duke","","https://www.nba.com/summer-league/2025/las-vegas/team/1610612765/pistons"
"Brice Williams",38,"G","6-6","205 lbs","JUL 05, 2001",24,"R","Nebraska","","https://www.nba.com/summer-league/2025/las-vegas/team/1610612765/pistons"
"Miller Kopp",39,"F","6-7","220 lbs","NOV 24, 1998",26,"R","Indiana","","https://www.nba.com/summer-league/2025/las-vegas/team/1610612765/pistons"
"John Ukomadu",46,"F","6-7","200 lbs","OCT 30, 2001",23,"R","Eastern Kentucky","","https://www.nba.com/summer-league/2025/las-vegas/team/1610612765/pistons"
"Dawson Garcia",47,"F","6-11","230 lbs","SEP 20, 2001",23,"R","Minnesota","","https://www.nba.com/summer-league/2025/las-vegas/team/1610612765/pistons"
"Garrison Brooks",48,"C","6-10","240 lbs","JUN 29, 1999",26,"R","Mississippi State","","https://www.nba.com/summer-league/2025/las-vegas/team/1610612765/pistons"
"T.J. Bickerstaff",49,"F","6-9","207 lbs","FEB 02, 2001",24,"R","James Madison","","https://www.nba.com/summer-league/2025/las-vegas/team/1610612765/pistons"
"Taran Armstrong",1,"G","6-5","185 lbs","JAN 15, 2002",23,"R","Cairns, Australia","Signed on 02/24/25","https://www.nba.com/summer-league/2025/las-vegas/team/1610612744/warriors"
"Will Richard",3,"F-G","6-4","206 lbs","DEC 24, 2002",22,"R","Florida","Draft Rights Traded from MEM on 07/06/25","https://www.nba.com/summer-league/2025/las-vegas/team/1610612744/warriors"
"Jules Bernard",18,"G","6-6","210 lbs","JAN 21, 2000",25,"1","UCLA","","https://www.nba.com/summer-league/2025/las-vegas/team/1610612744/warriors"
"Leopold Delaunay",19,"G","6-4","205 lbs","NOV 14, 2001",23,"R","Le Mans Sarthe (France)","","https://www.nba.com/summer-league/2025/las-vegas/team/1610612744/warriors"
"Marques Bolden",20,"C","6-10","249 lbs","APR 17, 1998",27,"3","Duke","","https://www.nba.com/summer-league/2025/las-vegas/team/1610612744/warriors"
"Alex Toohey",22,"F","6-8","223 lbs","MAY 05, 2004",21,"R","Sydney Kings","Draft Rights Traded from PHX on 07/06/25","https://www.nba.com/summer-league/2025/las-vegas/team/1610612744/warriors"
"Chance McMillian",25,"G","6-3","190 lbs","FEB 06, 2001",24,"R","Texas Tech","","https://www.nba.com/summer-league/2025/las-vegas/team/1610612744/warriors"
"Blake Hinson",26,"F","6-8","230 lbs","DEC 26, 1999",25,"R","Pittsburgh","","https://www.nba.com/summer-league/2025/las-vegas/team/1610612744/warriors"
"Alex Higgins-Titsha",27,"F","6-7","178 lbs","DEC 07, 2000",24,"R","Cairns Marlins (NBL)","","https://www.nba.com/summer-league/2025/las-vegas/team/1610612744/warriors"
"Bez Mbeng",28,"G","6-4","185 lbs","MAY 02, 2003",22,"R","Yale","","https://www.nba.com/summer-league/2025/las-vegas/team/1610612744/warriors"
"Donta Scott",29,"F","6-8","230 lbs","DEC 04, 2000",24,"R","Maryland","","https://www.nba.com/summer-league/2025/las-vegas/team/1610612744/warriors"
"Isaiah Mobley",33,"C","6-8","238 lbs","SEP 24, 1999",25,"3","USC","","https://www.nba.com/summer-league/2025/las-vegas/team/1610612744/warriors"
"Chris Manon",36,"G-F","6-5","195 lbs","DEC 09, 2001",23,"R","Vanderbilt","","https://www.nba.com/summer-league/2025/las-vegas/team/1610612744/warriors"
"LJ Cryer",40,"G","6-1","200 lbs","OCT 09, 2001",23,"R","Houston","","https://www.nba.com/summer-league/2025/las-vegas/team/1610612744/warriors"
"Jackson Rowe",44,"F","6-7","210 lbs","JAN 04, 1997",28,"1","California State-Fullerton","Signed on 07/19/24","https://www.nba.com/summer-league/2025/las-vegas/team/1610612744/warriors"
"Jaden Shackelford",45,"G","6-3","200 lbs","FEB 14, 2001",24,"R","Alabama","","https://www.nba.com/summer-league/2025/las-vegas/team/1610612744/warriors"
"Coleman Hawkins",50,"C","6-10","230 lbs","DEC 10, 2001",23,"R","Kansas State","","https://www.nba.com/summer-league/2025/las-vegas/team/1610612744/warriors"
"Ja’Vier Francis",52,"F","6-8","235 lbs","OCT 20, 2003",21,"R","Houston","","https://www.nba.com/summer-league/2025/las-vegas/team/1610612744/warriors"
"Gabe Madsen",55,"G-F","6-6","200 lbs","MAY 01, 2001",24,"R","Utah","","https://www.nba.com/summer-league/2025/las-vegas/team/1610612744/warriors"
"Kevon Harris",0,"G","6-6","220 lbs","JUN 24, 1997",28,"2","Stephen F. Austin","Signed on 07/05/25","https://www.nba.com/summer-league/2025/las-vegas/team/1610612745/rockets"
"N'Faly Dante",3,"C","6-11","265 lbs","OCT 19, 2001",23,"1","Oregon","Signed on 07/09/24","https://www.nba.com/summer-league/2025/las-vegas/team/1610612745/rockets"
"Reed Sheppard",15,"G","6-3","182 lbs","JUN 24, 2004",21,"1","Kentucky","#3 Pick in 2024 Draft","https://www.nba.com/summer-league/2025/las-vegas/team/1610612745/rockets"
"Nate Williams",19,"G-F","6-5","205 lbs","FEB 12, 1999",26,"3","Buffalo","Signed on 08/01/23","https://www.nba.com/summer-league/2025/las-vegas/team/1610612745/rockets"
"Cameron Matthews",40,"F","6-7","235 lbs","DEC 23, 2001",23,"R","Mississippi State","","https://www.nba.com/summer-league/2025/las-vegas/team/1610612745/rockets"
"Adonis Arms",42,"G","6-6","205 lbs","JUN 26, 1998",27,"R","Texas Tech","","https://www.nba.com/summer-league/2025/las-vegas/team/1610612745/rockets"
"Chris Ledlum",43,"F","6-6","242 lbs","FEB 19, 2001",24,"R","St. John's","","https://www.nba.com/summer-league/2025/las-vegas/team/1610612745/rockets"
"Jermaine Samuels Jr.",46,"F","6-7","230 lbs","NOV 13, 1998",26,"1","Villanova","","https://www.nba.com/summer-league/2025/las-vegas/team/1610612745/rockets"
"Kennedy Chandler",47,"G","6-0","171 lbs","SEP 16, 2002",22,"1","Tennessee","","https://www.nba.com/summer-league/2025/las-vegas/team/1610612745/rockets"
"Moses Brown",49,"C","7-2","245 lbs","OCT 13, 1999",25,"6","UCLA","","https://www.nba.com/summer-league/2025/las-vegas/team/1610612745/rockets"
"Mylik Wilson",51,"G","6-2","175 lbs","SEP 20, 2000",24,"R","Houston","","https://www.nba.com/summer-league/2025/las-vegas/team/1610612745/rockets"
"Great Osobor",54,"F","6-8","245 lbs","DEC 13, 2002",22,"R","Washington","","https://www.nba.com/summer-league/2025/las-vegas/team/1610612745/rockets"
"Uroš Trifunovic",56,"G-F","6-7","194 lbs","DEC 05, 2000",24,"R","Serbia","","https://www.nba.com/summer-league/2025/las-vegas/team/1610612745/rockets"
"Taelon Peter",4,"G","6-4","185 lbs","FEB 27, 2002",23,"R","Liberty","#54 Pick in 2025 Draft","https://www.nba.com/summer-league/2025/las-vegas/team/1610612754/pacers"
"Kam Jones",7,"G","6-4","200 lbs","FEB 25, 2002",23,"R","Marquette","Draft Rights Traded from SAS on 07/06/25","https://www.nba.com/summer-league/2025/las-vegas/team/1610612754/pacers"
"Enrique Freeman",8,"F","6-7","225 lbs","JUL 29, 2000",24,"1","Akron","#50 Pick in 2024 Draft","https://www.nba.com/summer-league/2025/las-vegas/team/1610612754/pacers"
"RayJ Dennis",10,"G","6-2","180 lbs","MAR 30, 2001",24,"1","Baylor","Signed on 01/03/25","https://www.nba.com/summer-league/2025/las-vegas/team/1610612754/pacers"
"R.J. Felton",11,"G","6-3","200 lbs","MAY 28, 2002",23,"R","East Carolina","","https://www.nba.com/summer-league/2025/las-vegas/team/1610612754/pacers"
"Johnny Furphy",12,"F","6-7","195 lbs","DEC 08, 2004",20,"1","Kansas","Draft Rights Traded from SAS on 07/06/24","https://www.nba.com/summer-league/2025/las-vegas/team/1610612754/pacers"
"Hunter Maldonado",13,"G-F","6-7","202 lbs","MAR 24, 1999",26,"R","Wyoming","","https://www.nba.com/summer-league/2025/las-vegas/team/1610612754/pacers"
"Josiah-Jordan James",14,"F","6-6","224 lbs","SEP 05, 2000",24,"R","Tennessee","","https://www.nba.com/summer-league/2025/las-vegas/team/1610612754/pacers"
"Samson Johnson",18,"C","6-10","225 lbs","JUL 28, 2002",22,"R","Connecticut","","https://www.nba.com/summer-league/2025/las-vegas/team/1610612754/pacers"
"Steven Ashworth",21,"G","6-1","170 lbs","MAY 01, 2000",25,"R","Creighton","","https://www.nba.com/summer-league/2025/las-vegas/team/1610612754/pacers"
"Phillip Wheeler",24,"F","6-8","185 lbs","APR 23, 2002",23,"1","Ranney School (NJ)","","https://www.nba.com/summer-league/2025/las-vegas/team/1610612754/pacers"
"Robert Baker",27,"F-C","6-10","210 lbs","JUN 28, 1998",27,"R","Harvard","","https://www.nba.com/summer-league/2025/las-vegas/team/1610612754/pacers"
"Keisei Tominaga",28,"G","6-2","175 lbs","FEB 01, 2001",24,"R","Nebraska","","https://www.nba.com/summer-league/2025/las-vegas/team/1610612754/pacers"
"Quenton Jackson",29,"G","6-5","180 lbs","SEP 15, 1998",26,"3","Texas A&M","Signed on 03/04/24","https://www.nba.com/summer-league/2025/las-vegas/team/1610612754/pacers"
"Buddy Boeheim",32,"F","6-5","205 lbs","NOV 11, 1999",25,"2","Syracuse","","https://www.nba.com/summer-league/2025/las-vegas/team/1610612754/pacers"
"Kobe Sanders",4,"G","6-9","207 lbs","MAY 30, 2002",23,"R","Nevada","Draft Rights Traded from NYK on 06/26/25","https://www.nba.com/summer-league/2025/las-vegas/team/1610612746/clippers"
"Trentyn Flowers",9,"F","6-9","185 lbs","MAR 08, 2005",20,"1","Adelaide","Signed on 07/24/24","https://www.nba.com/summer-league/2025/las-vegas/team/1610612746/clippers"
"Jordan Miller",11,"F","6-5","194 lbs","JAN 23, 2000",25,"2","Miami","","https://www.nba.com/summer-league/2025/las-vegas/team/1610612746/clippers"
"Cam Christie",12,"G","6-6","190 lbs","JUL 24, 2005",19,"1","Minnesota","#46 Pick in 2024 Draft","https://www.nba.com/summer-league/2025/las-vegas/team/1610612746/clippers"
"Yanic Konan Niederhäuser",14,"C","6-11","242 lbs","MAR 14, 2003",22,"R","Penn State","#30 Pick in 2025 Draft","https://www.nba.com/summer-league/2025/las-vegas/team/1610612746/clippers"
"Kobe Brown",21,"F","6-7","250 lbs","JAN 01, 2000",25,"2","Missouri","#30 Pick in 2023 Draft","https://www.nba.com/summer-league/2025/las-vegas/team/1610612746/clippers"
"Patrick Baldwin Jr.",23,"F","6-9","220 lbs","NOV 18, 2002",22,"3","Wisconsin-Milwaukee","Signed on 03/01/25","https://www.nba.com/summer-league/2025/las-vegas/team/1610612746/clippers"
"Zavier Simpson",35,"G","6-0","190 lbs","FEB 11, 1997",28,"2","Michigan","","https://www.nba.com/summer-league/2025/las-vegas/team/1610612746/clippers"
"John Poulakidas",42,"G","6-6","205 lbs","APR 04, 2003",22,"R","Yale","","https://www.nba.com/summer-league/2025/las-vegas/team/1610612746/clippers"
"Izaiah Brockington",45,"G","6-4","196 lbs","JUL 12, 1999",25,"2","Iowa State","","https://www.nba.com/summer-league/2025/las-vegas/team/1610612746/clippers"
"Juwan Gary",50,"F","6-6","226 lbs","FEB 17, 2001",24,"R","Nebraska","","https://www.nba.com/summer-league/2025/las-vegas/team/1610612746/clippers"
"Jahmyl Telfort",51,"F","6-7","225 lbs","APR 30, 2001",24,"R","Butler","","https://www.nba.com/summer-league/2025/las-vegas/team/1610612746/clippers"
"Dalton Knecht",4,"G","6-6","212 lbs","APR 19, 2001",24,"1","Tennessee","#17 Pick in 2024 Draft","https://www.nba.com/summer-league/2025/las-vegas/team/1610612747/lakers"
"Bronny James",9,"G","6-2","210 lbs","OCT 06, 2004",20,"1","Southern California","#55 Pick in 2024 Draft","https://www.nba.com/summer-league/2025/las-vegas/team/1610612747/lakers"
"Christian Koloko",10,"C","7-0","230 lbs","JUN 20, 2000",25,"2","Arizona","Signed on 09/16/24","https://www.nba.com/summer-league/2025/las-vegas/team/1610612747/lakers"
"RJ Davis",26,"G","6-0","175 lbs","OCT 20, 2001",23,"R","North Carolina","","https://www.nba.com/summer-league/2025/las-vegas/team/1610612747/lakers"
"DJ Steward",27,"G","6-2","162 lbs","OCT 02, 2001",23,"4","Duke","","https://www.nba.com/summer-league/2025/las-vegas/team/1610612747/lakers"
"Sam Mennenga",29,"F","6-9","240 lbs","DEC 12, 2001",23,"R","New Zealand Breakers","","https://www.nba.com/summer-league/2025/las-vegas/team/1610612747/lakers"
"Augustas Marciulionis",31,"G","6-4","200 lbs","MAR 21, 2002",23,"R","Saint Mary's","","https://www.nba.com/summer-league/2025/las-vegas/team/1610612747/lakers"
"Darius Bazley",36,"F","6-9","216 lbs","JUN 12, 2000",25,"6","Princeton HS (OH)","","https://www.nba.com/summer-league/2025/las-vegas/team/1610612747/lakers"
"TY Johnson",38,"G","6-3","190 lbs","JAN 01, 2002",23,"R","UC Davis","","https://www.nba.com/summer-league/2025/las-vegas/team/1610612747/lakers"
"Sir'Jabari Rice",40,"G","6-4","180 lbs","DEC 28, 1998",26,"2","Texas","","https://www.nba.com/summer-league/2025/las-vegas/team/1610612747/lakers"
"Cole Swider",41,"F","6-8","220 lbs","MAY 08, 1999",26,"3","Syracuse","","https://www.nba.com/summer-league/2025/las-vegas/team/1610612747/lakers"
"Eric Dixon",43,"F","6-8","259 lbs","JAN 26, 2004",21,"R","Villanova","","https://www.nba.com/summer-league/2025/las-vegas/team/1610612747/lakers"
"DaJaun Gordon",45,"G","6-4","190 lbs","JAN 10, 2001",24,"1","UT Arlington","","https://www.nba.com/summer-league/2025/las-vegas/team/1610612747/lakers"
"Julian Reese",50,"F","6-9","252 lbs","JUN 30, 2003",22,"R","Maryland","","https://www.nba.com/summer-league/2025/las-vegas/team/1610612747/lakers"
"Ethan Taylor",54,"G","6-5","205 lbs","JAN 06, 2002",23,"R","Air Force","","https://www.nba.com/summer-league/2025/las-vegas/team/1610612747/lakers"
"Trey Jemison III",55,"C","6-11","275 lbs","NOV 28, 1999",25,"2","Alabama-Birmingham","Signed on 01/15/25","https://www.nba.com/summer-league/2025/las-vegas/team/1610612747/lakers"
"Arthur Kaluma",65,"F","6-7","223 lbs","MAR 01, 2002",23,"R","Texas","","https://www.nba.com/summer-league/2025/las-vegas/team/1610612747/lakers"
"Armando Bacot",0,"C","6-10","240 lbs","MAR 06, 2000",25,"R","North Carolina","","https://www.nba.com/summer-league/2025/las-vegas/team/1610612763/grizzlies"
"Jaylen Wells",0,"G-F","6-6","206 lbs","AUG 26, 2003",21,"1","Washington State","#39 Pick in 2024 Draft","https://www.nba.com/summer-league/2025/las-vegas/team/1610612763/grizzlies"
"Ace Baldwin Jr.",1,"G","6-1","190 lbs","JUN 07, 2001",24,"R","Penn State","","https://www.nba.com/summer-league/2025/las-vegas/team/1610612763/grizzlies"
"Zyon Pullin",2,"G","6-3","202 lbs","MAR 03, 2001",24,"1","Florida","Signed on 01/10/25","https://www.nba.com/summer-league/2025/las-vegas/team/1610612763/grizzlies"
"Tyler Burton",3,"G-F","6-7","215 lbs","FEB 11, 2000",25,"R","Villanova","","https://www.nba.com/summer-league/2025/las-vegas/team/1610612763/grizzlies"
"Phlandrous Fleming Jr.",4,"G","6-4","210 lbs","DEC 05, 1998",26,"R","Florida","","https://www.nba.com/summer-league/2025/las-vegas/team/1610612763/grizzlies"
"Bo Montgomery",7,"G","6-5","205 lbs","APR 27, 2001",24,"R","UNC Wilmington","","https://www.nba.com/summer-league/2025/las-vegas/team/1610612763/grizzlies"
"Nate Hinton",8,"G-F","6-5","210 lbs","JUN 08, 1999",26,"3","Houston","","https://www.nba.com/summer-league/2025/las-vegas/team/1610612763/grizzlies"
"Javon Small",10,"G","6-1","190 lbs","DEC 19, 2002",22,"R","West Virginia","#48 Pick in 2025 Draft","https://www.nba.com/summer-league/2025/las-vegas/team/1610612763/grizzlies"
"Efton Reid III",16,"C","7-0","250 lbs","FEB 03, 2002",23,"R","Wake Forest","","https://www.nba.com/summer-league/2025/las-vegas/team/1610612763/grizzlies"
"Ante Brzovich",19,"C","6-10","220 lbs","JUN 02, 2000",25,"R","Charleston","","https://www.nba.com/summer-league/2025/las-vegas/team/1610612763/grizzlies"
"Jahmai Mashack",21,"G","6-3","197 lbs","NOV 10, 2002",22,"R","Tennessee","Draft Rights Traded from GSW on 07/06/25","https://www.nba.com/summer-league/2025/las-vegas/team/1610612763/grizzlies"
"Jeremy Jones",22,"G-F","6-7","213 lbs","JUN 11, 1996",29,"R","Gonzago","","https://www.nba.com/summer-league/2025/las-vegas/team/1610612763/grizzlies"
"Cedric Coward",23,"G-F","6-5","213 lbs","SEP 11, 2003",21,"R","Washington State","Draft Rights Traded from POR on 06/25/25","https://www.nba.com/summer-league/2025/las-vegas/team/1610612763/grizzlies"
"Cam Spencer",24,"G","6-3","201 lbs","APR 06, 2000",25,"1","Connecticut","Draft Rights Traded from DET on 07/06/24","https://www.nba.com/summer-league/2025/las-vegas/team/1610612763/grizzlies"
"Will Magnay",25,"C","6-10","234 lbs","JUN 10, 1998",27,"1","Brisbane","","https://www.nba.com/summer-league/2025/las-vegas/team/1610612763/grizzlies"
"Lawson Lovering",34,"C","7-1","235 lbs","MAY 09, 2003",22,"R","Utah","","https://www.nba.com/summer-league/2025/las-vegas/team/1610612763/grizzlies"
"GG Jackson",45,"F-C","6-9","215 lbs","DEC 17, 2004",20,"1","South Carolina","#45 Pick in 2023 Draft","https://www.nba.com/summer-league/2025/las-vegas/team/1610612763/grizzlies"
"Aaron Estrada",55,"G","6-3","190 lbs","FEB 03, 2001",24,"R","Alabama","","https://www.nba.com/summer-league/2025/las-vegas/team/1610612763/grizzlies"
"Kel'el Ware",7,"C","7-1","240 lbs","APR 20, 2004",21,"1","Indiana","#15 Pick in 2024 Draft","https://www.nba.com/summer-league/2025/las-vegas/team/1610612748/heat"
"Pelle Larsson",9,"G","6-5","215 lbs","FEB 23, 2001",24,"1","Arizona","Draft Rights Traded from HOU on 06/27/24","https://www.nba.com/summer-league/2025/las-vegas/team/1610612748/heat"
"Keshad Johnson",16,"F","6-6","230 lbs","JUN 23, 2001",24,"1","Arizona","Signed on 07/01/24","https://www.nba.com/summer-league/2025/las-vegas/team/1610612748/heat"
"Kasparas Jakučionis",25,"G","6-6","205 lbs","MAY 29, 2006",19,"R","Illinois-Urbana-Champaign","#20 Pick in 2025 Draft","https://www.nba.com/summer-league/2025/las-vegas/team/1610612748/heat"
"Vladislav Goldin",50,"C","7-1","250 lbs","MAY 12, 2001",24,"R","Michigan","Signed on 07/02/25","https://www.nba.com/summer-league/2025/las-vegas/team/1610612748/heat"
"Kira Lewis Jr.",53,"G","6-1","170 lbs","APR 06, 2001",24,"4","Alabama","","https://www.nba.com/summer-league/2025/las-vegas/team/1610612748/heat"
"Bryson Warren",55,"G","6-3","185 lbs","OCT 14, 2004",20,"R","Overtime Elite","","https://www.nba.com/summer-league/2025/las-vegas/team/1610612748/heat"
"Marcus Williams",56,"G","6-2","200 lbs","JUL 29, 2002",22,"R","San Francisco","","https://www.nba.com/summer-league/2025/las-vegas/team/1610612748/heat"
"JC Butler",57,"G","6-5","190 lbs","APR 13, 2000",25,"R","UC Irvine","","https://www.nba.com/summer-league/2025/las-vegas/team/1610612748/heat"
"Javonte Cooke",59,"F","6-6","185 lbs","JUL 11, 1999",26,"R","Winston-Salem State","","https://www.nba.com/summer-league/2025/las-vegas/team/1610612748/heat"
"Erik Stevenson",64,"G","6-4","205 lbs","APR 28, 1999",26,"R","West Virginia","","https://www.nba.com/summer-league/2025/las-vegas/team/1610612748/heat"
"Steve Settle III",68,"F","6-10","190 lbs","FEB 20, 2001",24,"R","Temple","","https://www.nba.com/summer-league/2025/las-vegas/team/1610612748/heat"
"Myron Gardner",75,"F","6-6","220 lbs","MAY 21, 2001",24,"R","Little Rock","","https://www.nba.com/summer-league/2025/las-vegas/team/1610612748/heat"
"Dain Dainja",84,"F","6-9","255 lbs","JUL 16, 2002",22,"R","Memphis","","https://www.nba.com/summer-league/2025/las-vegas/team/1610612748/heat"
"Oumar Ballo",85,"C","6-11","275 lbs","JUL 13, 2002",22,"R","Indiana","","https://www.nba.com/summer-league/2025/las-vegas/team/1610612748/heat"
"Stanley Moody",NA,"","","lbs","JAN 01, 1995",30,"R","","","https://www.nba.com/summer-league/2025/las-vegas/team/1610612749/bucks"
"Chris Livingston",7,"F","6-6","220 lbs","OCT 15, 2003",21,"2","Kentucky","","https://www.nba.com/summer-league/2025/las-vegas/team/1610612749/bucks"
"Jamaree Bouyea",15,"G","6-2","180 lbs","JUN 27, 1999",26,"3","San Francisco","Signed on 03/04/25","https://www.nba.com/summer-league/2025/las-vegas/team/1610612749/bucks"
"Mark Sears",19,"G","6-1","185 lbs","FEB 19, 2002",23,"R","Alabama","Signed on 07/03/25","https://www.nba.com/summer-league/2025/las-vegas/team/1610612749/bucks"
"Tyler Smith",21,"F","6-9","220 lbs","NOV 02, 2004",20,"1","NBA G League Ignite","#33 Pick in 2024 Draft","https://www.nba.com/summer-league/2025/las-vegas/team/1610612749/bucks"
"Bogoljub Marković",23,"F","6-11","210 lbs","JUL 12, 2005",19,"R","Mega Basket","#47 Pick in 2025 Draft","https://www.nba.com/summer-league/2025/las-vegas/team/1610612749/bucks"
"Markquis Nowell",25,"G","5-7","160 lbs","DEC 25, 1999",25,"1","Kansas State","","https://www.nba.com/summer-league/2025/las-vegas/team/1610612749/bucks"
"John Butler Jr.",26,"C","7-0","190 lbs","DEC 04, 2002",22,"1","Florida State","","https://www.nba.com/summer-league/2025/las-vegas/team/1610612749/bucks"
"Terrence Edwards Jr.",27,"G","6-6","190 lbs","MAY 20, 2002",23,"R","Louisville","","https://www.nba.com/summer-league/2025/las-vegas/team/1610612749/bucks"
"Frankie Fidler",28,"G","6-7","217 lbs","APR 25, 2003",22,"R","Michigan State","","https://www.nba.com/summer-league/2025/las-vegas/team/1610612749/bucks"
"Cormac Ryan",29,"G","6-5","195 lbs","OCT 26, 1998",26,"R","UNC","","https://www.nba.com/summer-league/2025/las-vegas/team/1610612749/bucks"
"Gary Chivichyan",30,"G","6-4","200 lbs","JUL 17, 1996",28,"R","Pacific","","https://www.nba.com/summer-league/2025/las-vegas/team/1610612749/bucks"
"Rob Disibio",31,"F","6-6","210 lbs","DEC 08, 2000",24,"R","Washington & Lee","","https://www.nba.com/summer-league/2025/las-vegas/team/1610612749/bucks"
"Pete Nance",35,"F","6-10","220 lbs","FEB 19, 2000",25,"2","North Carolina","Signed on 02/27/25","https://www.nba.com/summer-league/2025/las-vegas/team/1610612749/bucks"
"Malik Williams",37,"C","6-11","250 lbs","AUG 26, 1998",26,"1","Louisville","","https://www.nba.com/summer-league/2025/las-vegas/team/1610612749/bucks"
"David Joplin",38,"F","6-8","225 lbs","NOV 18, 2002",22,"R","Marquette","","https://www.nba.com/summer-league/2025/las-vegas/team/1610612749/bucks"
"Keita Bates-Diop",39,"F","6-8","229 lbs","JAN 23, 1996",29,"6","Ohio State","","https://www.nba.com/summer-league/2025/las-vegas/team/1610612749/bucks"
"Blaise Threatt",40,"G","6-3","210 lbs","SEP 08, 2000",24,"R","Weber State","","https://www.nba.com/summer-league/2025/las-vegas/team/1610612749/bucks"
"Wade Taylor IV",41,"G","6-0","180 lbs","JUN 05, 2003",22,"R","Texas A&M","","https://www.nba.com/summer-league/2025/las-vegas/team/1610612749/bucks"
"Andre Jackson Jr.",44,"G-F","6-6","209 lbs","NOV 13, 2001",23,"2","Connecticut","Draft Rights Traded from ORL on 06/22/23","https://www.nba.com/summer-league/2025/las-vegas/team/1610612749/bucks"
"Jean-Jacques Boissy",47,"G","6-0","146 lbs","JAN 28, 2000",25,"R","Senegal","","https://www.nba.com/summer-league/2025/las-vegas/team/1610612749/bucks"
"Terrence Shannon Jr.",1,"G","6-6","229 lbs","JUL 30, 2000",24,"1","Illinois","#27 Pick in 2024 Draft","https://www.nba.com/summer-league/2025/las-vegas/team/1610612750/timberwolves"
"Rob Dillingham",4,"G","6-2","170 lbs","JAN 04, 2005",20,"1","Kentucky","Draft Rights Traded from SAS on 06/26/24","https://www.nba.com/summer-league/2025/las-vegas/team/1610612750/timberwolves"
"Des Watson",12,"G","6-5","214 lbs","JUN 15, 2003",22,"R","Loyola (IL)","","https://www.nba.com/summer-league/2025/las-vegas/team/1610612750/timberwolves"
"Tristen Newton",13,"G","6-5","201 lbs","APR 26, 2001",24,"1","Connecticut","","https://www.nba.com/summer-league/2025/las-vegas/team/1610612750/timberwolves"
"Jesse Edwards",14,"C","7-0","248 lbs","MAR 18, 2000",25,"1","West Virginia","Signed on 07/09/24","https://www.nba.com/summer-league/2025/las-vegas/team/1610612750/timberwolves"
"Martez Brown",16,"F","6-8","216 lbs","OCT 08, 2000",24,"R","Lincoln Memorial University","","https://www.nba.com/summer-league/2025/las-vegas/team/1610612750/timberwolves"
"Babacar Sane",17,"F","6-7","230 lbs","SEP 19, 2003",21,"R","NBA G League Ignite","","https://www.nba.com/summer-league/2025/las-vegas/team/1610612750/timberwolves"
"Joan Beringer",19,"C","6-11","230 lbs","NOV 11, 2006",18,"R","Cedevita Olimpija","#17 Pick in 2025 Draft","https://www.nba.com/summer-league/2025/las-vegas/team/1610612750/timberwolves"
"Nojel Eastern",20,"G","6-5","238 lbs","MAY 26, 1999",26,"R","Purdue","","https://www.nba.com/summer-league/2025/las-vegas/team/1610612750/timberwolves"
"Jaylen Clark",22,"G","6-4","221 lbs","OCT 13, 2001",23,"1","UCLA","#53 Pick in 2023 Draft","https://www.nba.com/summer-league/2025/las-vegas/team/1610612750/timberwolves"
"Jamal Cain",23,"F","6-7","202 lbs","MAR 20, 1999",26,"3","Oakland","","https://www.nba.com/summer-league/2025/las-vegas/team/1610612750/timberwolves"
"Amari Bailey",24,"G","6-5","185 lbs","FEB 17, 2004",21,"1","UCLA","","https://www.nba.com/summer-league/2025/las-vegas/team/1610612750/timberwolves"
"CJ Fulton",31,"G","6-2","185 lbs","JUN 24, 2002",23,"R","Charleston","","https://www.nba.com/summer-league/2025/las-vegas/team/1610612750/timberwolves"
"Leonard Miller",33,"F","6-10","226 lbs","NOV 26, 2003",21,"3","NBA G League Ignite","Draft Rights Traded from SAS on 06/23/23","https://www.nba.com/summer-league/2025/las-vegas/team/1610612750/timberwolves"
"Rocco Zikarsky",44,"C","7-3","223 lbs","JUL 11, 2006",19,"R","Brisbane","Draft Rights Traded from LAL on 07/06/25","https://www.nba.com/summer-league/2025/las-vegas/team/1610612750/timberwolves"
"Jeremiah Fears",0,"G","6-3","180 lbs","OCT 14, 2006",18,"R","Oklahoma","#7 Pick in 2025 Draft","https://www.nba.com/summer-league/2025/las-vegas/team/1610612740/pelicans"
"Hunter Dickinson",4,"C","7-2","265 lbs","NOV 25, 2000",24,"R","Michigan","Signed on 07/03/25","https://www.nba.com/summer-league/2025/las-vegas/team/1610612740/pelicans"
"Keion Brooks Jr.",11,"F","6-7","210 lbs","AUG 07, 2000",24,"1","Washington","Signed on 09/23/24","https://www.nba.com/summer-league/2025/las-vegas/team/1610612740/pelicans"
"Antonio Reeves",12,"G","6-5","189 lbs","NOV 20, 2002",22,"1","Kentucky","","https://www.nba.com/summer-league/2025/las-vegas/team/1610612740/pelicans"
"Micah Peavy",14,"F","6-6","212 lbs","JUL 16, 2001",23,"R","Georgetown","Draft Rights Traded from WAS on 07/06/25","https://www.nba.com/summer-league/2025/las-vegas/team/1610612740/pelicans"
"Chase Hunter",20,"G","6-4","202 lbs","APR 08, 2001",24,"R","Clemson","","https://www.nba.com/summer-league/2025/las-vegas/team/1610612740/pelicans"
"Yves Missi",21,"C","6-11","236 lbs","MAY 14, 2004",21,"1","Baylor","#21 Pick in 2024 Draft","https://www.nba.com/summer-league/2025/las-vegas/team/1610612740/pelicans"
"Derik Queen",22,"F-C","6-9","248 lbs","DEC 27, 2004",20,"R","Maryland","Draft Rights Traded from ATL on 06/25/25","https://www.nba.com/summer-league/2025/las-vegas/team/1610612740/pelicans"
"Trey Alexander",23,"G","6-4","185 lbs","MAY 02, 2003",22,"1","Creighton","Signed on 07/03/25","https://www.nba.com/summer-league/2025/las-vegas/team/1610612740/pelicans"
"Trey Townsend",28,"F","6-6","212 lbs","AUG 30, 2002",22,"R","Arizona","","https://www.nba.com/summer-league/2025/las-vegas/team/1610612740/pelicans"
"Lester Quinones",30,"G","6-4","208 lbs","NOV 16, 2000",24,"3","Memphis","Signed on 03/02/25","https://www.nba.com/summer-league/2025/las-vegas/team/1610612740/pelicans"
"Tytan Anderson",32,"F","6-6","185 lbs","APR 17, 2002",23,"R","Northern Iowa","","https://www.nba.com/summer-league/2025/las-vegas/team/1610612740/pelicans"
"Christian Shumate",42,"F","6-6","213 lbs","JUL 24, 2002",22,"R","McNeese State","","https://www.nba.com/summer-league/2025/las-vegas/team/1610612740/pelicans"
"Will Baker",50,"C","6-11","240 lbs","DEC 31, 2000",24,"R","LSU","","https://www.nba.com/summer-league/2025/las-vegas/team/1610612740/pelicans"
"AJ Hoggard",55,"G","6-3","220 lbs","SEP 25, 2000",24,"R","Vanderbilt","","https://www.nba.com/summer-league/2025/las-vegas/team/1610612740/pelicans"
"Pacome Dadiet",4,"F","6-8","210 lbs","JUL 27, 2005",19,"1","Paris Basketball","","https://www.nba.com/summer-league/2025/las-vegas/team/1610612752/knicks"
"Kevin McCullar Jr.",9,"F","6-6","210 lbs","MAR 15, 2001",24,"1","Kansas","Draft Rights Traded from PHX on 06/27/24","https://www.nba.com/summer-league/2025/las-vegas/team/1610612752/knicks"
"Tyler Kolek",13,"G","6-3","195 lbs","MAR 27, 2001",24,"1","Marquette","Draft Rights Traded from POR on 06/27/24","https://www.nba.com/summer-league/2025/las-vegas/team/1610612752/knicks"
"MarJon Beauchamp",14,"F","6-7","199 lbs","OCT 12, 2000",24,"3","NBA G League Ignite","Signed on 03/04/25","https://www.nba.com/summer-league/2025/las-vegas/team/1610612752/knicks"
"Yudai Baba",18,"G","6-5","198 lbs","NOV 07, 1995",29,"R","University of Tsukuba","","https://www.nba.com/summer-league/2025/las-vegas/team/1610612752/knicks"
"Anton Watson",21,"F","6-8","225 lbs","OCT 06, 2000",24,"1","Gonzaga","","https://www.nba.com/summer-league/2025/las-vegas/team/1610612752/knicks"
"Jamal Bey",26,"G","6-6","210 lbs","SEP 05, 1999",25,"R","Washington","","https://www.nba.com/summer-league/2025/las-vegas/team/1610612752/knicks"
"Biwali Bayles",27,"G","6-1","185 lbs","FEB 14, 2002",23,"R","Hawaii","","https://www.nba.com/summer-league/2025/las-vegas/team/1610612752/knicks"
"Dink Pate",28,"G","6-7","201 lbs","MAR 10, 2006",19,"R","NBA G League Ignite","","https://www.nba.com/summer-league/2025/las-vegas/team/1610612752/knicks"
"Jaden Campbell",29,"G","6-5","205 lbs","JAN 05, 2000",25,"R","Samford","","https://www.nba.com/summer-league/2025/las-vegas/team/1610612752/knicks"
"Devone Grant",30,"G","6-2","185 lbs","MAR 30, 2001",24,"R","Duquesne","","https://www.nba.com/summer-league/2025/las-vegas/team/1610612752/knicks"
"Nick Jourdain",31,"G-F","6-7","231 lbs","JUN 29, 2001",24,"R","Memphis","","https://www.nba.com/summer-league/2025/las-vegas/team/1610612752/knicks"
"Luka Scuka",35,"F","6-10","227 lbs","MAY 23, 2002",23,"R","Cedevita Olimpija","","https://www.nba.com/summer-league/2025/las-vegas/team/1610612752/knicks"
"Lance Ware",45,"C","6-10","220 lbs","FEB 08, 2001",24,"R","UT-Arlington","","https://www.nba.com/summer-league/2025/las-vegas/team/1610612752/knicks"
"James Nnaji",46,"C","6-11","250 lbs","AUG 14, 2004",20,"R","FC Barcelona","","https://www.nba.com/summer-league/2025/las-vegas/team/1610612752/knicks"
"Mohamed Diawara",51,"F","6-10","228 lbs","APR 29, 2005",20,"R","Paris Basketball","Draft Rights Traded from LAC on 06/26/25","https://www.nba.com/summer-league/2025/las-vegas/team/1610612752/knicks"
"Ariel Hukporti",55,"C","6-11","246 lbs","APR 12, 2002",23,"1","Riesen Ludwigsburg","Draft Rights Traded from DAL on 06/27/24","https://www.nba.com/summer-league/2025/las-vegas/team/1610612752/knicks"
"Thomas Sorber",12,"C","6-9","270 lbs","DEC 25, 2005",19,"R","Georgetown","#15 Pick in 2025 Draft","https://www.nba.com/summer-league/2025/las-vegas/team/1610612760/thunder"
"Branden Carlson",15,"C","7-0","227 lbs","JUN 14, 1999",26,"1","Utah","Signed on 11/16/24","https://www.nba.com/summer-league/2025/las-vegas/team/1610612760/thunder"
"Cameron Brown",16,"F","6-5","218 lbs","MAY 10, 2001",24,"R","St. Joseph's","","https://www.nba.com/summer-league/2025/las-vegas/team/1610612760/thunder"
"Malevy Leons",17,"F","6-9","196 lbs","SEP 23, 1999",25,"1","Bradley","","https://www.nba.com/summer-league/2025/las-vegas/team/1610612760/thunder"
"Brooks Barnhizer",23,"F","6-5","227 lbs","MAR 02, 2002",23,"R","Northwestern","#44 Pick in 2025 Draft","https://www.nba.com/summer-league/2025/las-vegas/team/1610612760/thunder"
"Ajay Mitchell",25,"G","6-4","204 lbs","JUN 25, 2002",23,"1","California-Santa Barbara","Draft Rights Traded from NYK on 06/27/24","https://www.nba.com/summer-league/2025/las-vegas/team/1610612760/thunder"
"Jazian Gortman",26,"G","6-1","175 lbs","MAR 14, 2003",22,"1","Overtime Elite","","https://www.nba.com/summer-league/2025/las-vegas/team/1610612760/thunder"
"Ty Brewer",27,"F","6-5","210 lbs","MAR 23, 2000",25,"R","Mittel Deutscher BC","","https://www.nba.com/summer-league/2025/las-vegas/team/1610612760/thunder"
"Kerwin Walton",28,"F","6-4","209 lbs","OCT 20, 2001",23,"R","Texas Tech","","https://www.nba.com/summer-league/2025/las-vegas/team/1610612760/thunder"
"Payton Sandfort",30,"F","6-6","214 lbs","JUL 12, 2002",22,"R","Iowa","","https://www.nba.com/summer-league/2025/las-vegas/team/1610612760/thunder"
"Hason Ward",31,"C","6-8","214 lbs","SEP 24, 2000",24,"R","Iowa State","","https://www.nba.com/summer-league/2025/las-vegas/team/1610612760/thunder"
"Chris Youngblood",40,"G","6-4","223 lbs","FEB 09, 2002",23,"R","Alabama","","https://www.nba.com/summer-league/2025/las-vegas/team/1610612760/thunder"
"Erik Reynolds II",41,"G","6-2","183 lbs","SEP 17, 2002",22,"R","St. Joseph's","","https://www.nba.com/summer-league/2025/las-vegas/team/1610612760/thunder"
"Mady Sissoko",42,"C","6-7","240 lbs","DEC 20, 2000",24,"R","UC Berkeley","","https://www.nba.com/summer-league/2025/las-vegas/team/1610612760/thunder"
"Nikola Topić",44,"G","6-6","216 lbs","AUG 10, 2005",19,"R","Crvena zvezda","#12 Pick in 2024 Draft","https://www.nba.com/summer-league/2025/las-vegas/team/1610612760/thunder"
"Cesare Edwards",45,"F-C","6-7","224 lbs","DEC 26, 2002",22,"R","Georgia State","","https://www.nba.com/summer-league/2025/las-vegas/team/1610612760/thunder"
"Viktor Lakhin",50,"C","6-11","247 lbs","JUL 30, 2001",23,"R","Clemson","","https://www.nba.com/summer-league/2025/las-vegas/team/1610612760/thunder"
"Zack Austin",52,"F","6-5","216 lbs","AUG 11, 2001",23,"R","Pittsburg","","https://www.nba.com/summer-league/2025/las-vegas/team/1610612760/thunder"
"Alex Ducas",88,"F","6-6","215 lbs","DEC 11, 2000",24,"1","St.Mary's College of California","Signed on 07/15/24","https://www.nba.com/summer-league/2025/las-vegas/team/1610612760/thunder"
"Jase Richardson",11,"G","6-1","178 lbs","OCT 16, 2005",19,"R","Michigan State","#25 Pick in 2025 Draft","https://www.nba.com/summer-league/2025/las-vegas/team/1610612753/magic"
"Tristan da Silva",23,"F","6-8","217 lbs","MAY 15, 2001",24,"1","Colorado","#18 Pick in 2024 Draft","https://www.nba.com/summer-league/2025/las-vegas/team/1610612753/magic"
"Jalen Crutcher",40,"G","6-2","175 lbs","JUL 18, 1999",25,"1","Dayton","","https://www.nba.com/summer-league/2025/las-vegas/team/1610612753/magic"
"Lance Terry",41,"G","6-2","180 lbs","JAN 11, 2001",24,"R","Georgia Tech","","https://www.nba.com/summer-league/2025/las-vegas/team/1610612753/magic"
"Dakota Leffew",42,"G","6-5","185 lbs","JUL 06, 2001",24,"R","Georgia","","https://www.nba.com/summer-league/2025/las-vegas/team/1610612753/magic"
"Alondes Williams",51,"G","6-4","210 lbs","JUN 19, 1999",26,"3","Wake Forest","","https://www.nba.com/summer-league/2025/las-vegas/team/1610612753/magic"
"Djordije Jovanovic",52,"F","6-7","190 lbs","MAY 15, 2003",22,"R","Montenegro","","https://www.nba.com/summer-league/2025/las-vegas/team/1610612753/magic"
"Jaden Akins",53,"G","6-4","195 lbs","FEB 25, 2003",22,"R","Michigan State","","https://www.nba.com/summer-league/2025/las-vegas/team/1610612753/magic"
"Wendell Moore Jr.",54,"G","6-5","215 lbs","SEP 18, 2001",23,"3","Duke","","https://www.nba.com/summer-league/2025/las-vegas/team/1610612753/magic"
"Ethan Thompson",55,"G","6-5","195 lbs","MAY 04, 1999",26,"R","Oregon State","Signed on 09/19/24","https://www.nba.com/summer-league/2025/las-vegas/team/1610612753/magic"
"Nate Santos",56,"F","6-7","215 lbs","NOV 09, 2001",23,"R","Dayton","","https://www.nba.com/summer-league/2025/las-vegas/team/1610612753/magic"
"Johnell Davis",57,"G","6-4","210 lbs","MAY 23, 2001",24,"R","Arkansas","","https://www.nba.com/summer-league/2025/las-vegas/team/1610612753/magic"
"Marcio Santos",60,"F","6-9","250 lbs","NOV 02, 2002",22,"R","Ratiopharm Ulm","","https://www.nba.com/summer-league/2025/las-vegas/team/1610612753/magic"
"Kylor Kelley",61,"C","7-0","230 lbs","AUG 26, 1997",27,"1","Oregon State","","https://www.nba.com/summer-league/2025/las-vegas/team/1610612753/magic"
"Lynn Kidd",62,"C","6-10","240 lbs","DEC 17, 2001",23,"R","Miami (FL)","","https://www.nba.com/summer-league/2025/las-vegas/team/1610612753/magic"
"Zach Freemantle",63,"F","6-9","227 lbs","OCT 18, 2000",24,"R","Xavier (OH)","","https://www.nba.com/summer-league/2025/las-vegas/team/1610612753/magic"
"Lazar Stefanovic",65,"G","6-7","190 lbs","APR 27, 2002",23,"R","UCLA","","https://www.nba.com/summer-league/2025/las-vegas/team/1610612753/magic"
"Brandon Huntley-Hatfield",70,"C","6-10","240 lbs","AUG 06, 2003",21,"R","North Carolina State","","https://www.nba.com/summer-league/2025/las-vegas/team/1610612753/magic"
"Noah Penda",93,"F","6-7","242 lbs","JAN 07, 2005",20,"R","Le Mans Sarthe","Draft Rights Traded from BOS on 06/26/25","https://www.nba.com/summer-league/2025/las-vegas/team/1610612753/magic"
"Jalen Hood-Schifino",17,"G","6-5","210 lbs","JUN 19, 2003",22,"2","Indiana","Signed on 03/01/25","https://www.nba.com/summer-league/2025/las-vegas/team/1610612755/76ers"
"Jalen Slawson",18,"F","6-7","215 lbs","OCT 22, 1999",25,"1","Osceola Magic","","https://www.nba.com/summer-league/2025/las-vegas/team/1610612755/76ers"
"Justin Edwards",19,"F","6-7","217 lbs","DEC 16, 2003",21,"1","Kentucky","Signed on 07/04/24","https://www.nba.com/summer-league/2025/las-vegas/team/1610612755/76ers"
"Johni Broome",22,"F","6-9","249 lbs","JUL 19, 2002",22,"R","Auburn","#35 Pick in 2025 Draft","https://www.nba.com/summer-league/2025/las-vegas/team/1610612755/76ers"
"Izan Almansa",26,"F","6-10","230 lbs","JUN 07, 2005",20,"R","Perth (Australia)","","https://www.nba.com/summer-league/2025/las-vegas/team/1610612755/76ers"
"Keve Aluma",27,"GF","6-9","239 lbs","DEC 31, 1998",26,"R","Ryukyu (Japan)","","https://www.nba.com/summer-league/2025/las-vegas/team/1610612755/76ers"
"Stefan Todorovic",29,"F","6-8","190 lbs","DEC 04, 2002",22,"R","Pepperdine","","https://www.nba.com/summer-league/2025/las-vegas/team/1610612755/76ers"
"Adem Bona",30,"F-C","6-10","247 lbs","MAR 28, 2003",22,"1","UCLA","#41 Pick in 2024 Draft","https://www.nba.com/summer-league/2025/las-vegas/team/1610612755/76ers"
"Judah Mintz",33,"G","6-3","172 lbs","JUL 10, 2003",22,"R","Delaware Blue Coats","","https://www.nba.com/summer-league/2025/las-vegas/team/1610612755/76ers"
"Jack Clark",35,"F","6-10","215 lbs","FEB 14, 2000",25,"R","VCU","","https://www.nba.com/summer-league/2025/las-vegas/team/1610612755/76ers"
"Caleb Stone-Carrawell",36,"F","6-7","220 lbs","NOV 25, 2000",24,"R","Loyola Marymount","","https://www.nba.com/summer-league/2025/las-vegas/team/1610612755/76ers"
"Saint Thomas",38,"F","6-7","220 lbs","MAY 01, 2003",22,"R","USC","","https://www.nba.com/summer-league/2025/las-vegas/team/1610612755/76ers"
"Hunter Sallis",45,"F","6-5","185 lbs","MAR 26, 2003",22,"R","Wake Forest","Signed on 07/01/25","https://www.nba.com/summer-league/2025/las-vegas/team/1610612755/76ers"
"Andrew Funk",50,"G","6-5","200 lbs","SEP 21, 1999",25,"1","Grand Rapids Gold","","https://www.nba.com/summer-league/2025/las-vegas/team/1610612755/76ers"
"Landers Nolley II",51,"G-F","6-7","207 lbs","MAR 05, 2000",25,"R","Hsinchu Toplus (Taiwan)","","https://www.nba.com/summer-league/2025/las-vegas/team/1610612755/76ers"
"Mark Armstrong",52,"G","6-2","180 lbs","FEB 21, 2004",21,"R","Long Island Nets","","https://www.nba.com/summer-league/2025/las-vegas/team/1610612755/76ers"
"Alex Reese",65,"F","6-9","249 lbs","MAY 21, 1999",26,"1","Alabama","","https://www.nba.com/summer-league/2025/las-vegas/team/1610612755/76ers"
"VJ Edgecombe",77,"G","6-4","193 lbs","JUL 30, 2005",19,"R","Baylor","#3 Pick in 2025 Draft","https://www.nba.com/summer-league/2025/las-vegas/team/1610612755/76ers"
"Ryan Dunn",0,"F","6-8","220 lbs","JAN 07, 2003",22,"1","Virginia","Draft Rights Traded from DEN on 06/26/24","https://www.nba.com/summer-league/2025/las-vegas/team/1610612756/suns"
"Oso Ighodaro",4,"F","6-11","227 lbs","JUL 14, 2002",22,"1","Marquette","Draft Rights Traded from NYK on 06/27/24","https://www.nba.com/summer-league/2025/las-vegas/team/1610612756/suns"
"Khaman Maluach",10,"C","7-1","253 lbs","SEP 14, 2006",18,"R","Duke","Draft Rights Traded from HOU on 07/06/25","https://www.nba.com/summer-league/2025/las-vegas/team/1610612756/suns"
"Koby Brea",14,"G","6-6","202 lbs","NOV 06, 2002",22,"R","Kentucky","Draft Rights Traded from GSW on 07/06/25","https://www.nba.com/summer-league/2025/las-vegas/team/1610612756/suns"
"Rasheer Fleming",20,"F","6-8","232 lbs","JUL 10, 2004",21,"R","St. Joseph's (PA)","Draft Rights Traded from MIN on 07/06/25","https://www.nba.com/summer-league/2025/las-vegas/team/1610612756/suns"
"CJ Huntley",22,"F","6-11","221 lbs","JAN 06, 2002",23,"R","Appalachian State","Signed on 07/03/25","https://www.nba.com/summer-league/2025/las-vegas/team/1610612756/suns"
"Yuri Collins",50,"G","6-0","190 lbs","MAR 07, 2001",24,"1","Saint Louis","","https://www.nba.com/summer-league/2025/las-vegas/team/1610612756/suns"
"Boogie Ellis",51,"G","6-2","190 lbs","DEC 12, 2000",24,"R","USC","","https://www.nba.com/summer-league/2025/las-vegas/team/1610612756/suns"
"Alex Schumacher",52,"G","6-3","185 lbs","FEB 20, 2001",24,"R","Seattle","","https://www.nba.com/summer-league/2025/las-vegas/team/1610612756/suns"
"Khalif Battle",53,"G","6-5","185 lbs","JUN 24, 2000",25,"R","Gonzaga","","https://www.nba.com/summer-league/2025/las-vegas/team/1610612756/suns"
"Jordan Gainey",54,"G","6-4","190 lbs","JUN 26, 2002",23,"R","Tennessee","","https://www.nba.com/summer-league/2025/las-vegas/team/1610612756/suns"
"Mitch Mascari",55,"G","6-5","200 lbs","AUG 21, 2000",24,"R","Drake","","https://www.nba.com/summer-league/2025/las-vegas/team/1610612756/suns"
"Moses Wood",56,"F","6-8","210 lbs","MAY 03, 1999",26,"R","Washington","","https://www.nba.com/summer-league/2025/las-vegas/team/1610612756/suns"
"Brandon Angel",57,"F","6-9","225 lbs","OCT 27, 2001",23,"R","Oregon","","https://www.nba.com/summer-league/2025/las-vegas/team/1610612756/suns"
"Solomon Young",58,"F","6-8","245 lbs","APR 22, 1998",27,"R","Iowa State","","https://www.nba.com/summer-league/2025/las-vegas/team/1610612756/suns"
"Caleb Love",2,"G","6-2","203 lbs","SEP 27, 2001",23,"R","Arizona","Signed on 07/01/25","https://www.nba.com/summer-league/2025/las-vegas/team/1610612757/blazers"
"Hansen Yang",16,"C","7-1","260 lbs","JUN 26, 2005",20,"R","Qingdao Eagles","Draft Rights Traded from MEM on 06/25/25","https://www.nba.com/summer-league/2025/las-vegas/team/1610612757/blazers"
"Rayan Rupert",21,"G-F","6-7","202 lbs","MAY 31, 2004",21,"2","New Zealand Breakers","#43 Pick in 2023 Draft","https://www.nba.com/summer-league/2025/las-vegas/team/1610612757/blazers"
"Dmytro Skapintsev",41,"C","7-1","260 lbs","MAY 12, 1998",27,"1","Cal State Northridge","","https://www.nba.com/summer-league/2025/las-vegas/team/1610612757/blazers"
"James Bouknight",42,"G","6-5","190 lbs","SEP 18, 2000",24,"3","UConn","","https://www.nba.com/summer-league/2025/las-vegas/team/1610612757/blazers"
"Keeshawn Barthelemy",50,"G","6-1","180 lbs","JAN 02, 2001",24,"R","Oregon","","https://www.nba.com/summer-league/2025/las-vegas/team/1610612757/blazers"
"Cameron Tyson",52,"G","6-2","190 lbs","OCT 26, 1999",25,"R","Seattle","","https://www.nba.com/summer-league/2025/las-vegas/team/1610612757/blazers"
"Sean Pedulla",53,"G","6-2","190 lbs","OCT 10, 2002",22,"R","Ole Miss","","https://www.nba.com/summer-league/2025/las-vegas/team/1610612757/blazers"
"DJ Carton",54,"G","6-4","200 lbs","AUG 05, 2000",24,"2","Marquette","","https://www.nba.com/summer-league/2025/las-vegas/team/1610612757/blazers"
"Justin McKoy",61,"F","6-8","215 lbs","JAN 07, 2001",24,"R","Hawaii","","https://www.nba.com/summer-league/2025/las-vegas/team/1610612757/blazers"
"Andrew Carr",64,"F","6-11","235 lbs","FEB 01, 2002",23,"R","Kentucky","","https://www.nba.com/summer-league/2025/las-vegas/team/1610612757/blazers"
"Olivier Nkamhoua",68,"F","6-9","225 lbs","MAY 02, 2000",25,"R","Michigan","","https://www.nba.com/summer-league/2025/las-vegas/team/1610612757/blazers"
"Sidy Cissoko",91,"G-F","6-6","220 lbs","APR 02, 2004",21,"2","NBA G League Ignite","Signed on 02/08/25","https://www.nba.com/summer-league/2025/las-vegas/team/1610612757/blazers"
"Isaac Jones",3,"F","6-9","245 lbs","JUL 11, 2000",24,"1","Washington State","Signed on 07/03/24","https://www.nba.com/summer-league/2025/las-vegas/team/1610612758/kings"
"Nique Clifford",5,"F","6-6","200 lbs","FEB 09, 2002",23,"R","Colorado State","Draft Rights Traded from OKC on 06/25/25","https://www.nba.com/summer-league/2025/las-vegas/team/1610612758/kings"
"Mason Jones",15,"G","6-4","200 lbs","JUL 21, 1998",26,"4","Arkansas","Signed on 02/09/24","https://www.nba.com/summer-league/2025/las-vegas/team/1610612758/kings"
"Patrick McCaffery",18,"F","6-9","210 lbs","MAR 20, 2000",25,"R","Iowa","","https://www.nba.com/summer-league/2025/las-vegas/team/1610612758/kings"
"Devin Carter",22,"G","6-2","195 lbs","MAR 18, 2002",23,"1","Providence","#13 Pick in 2024 Draft","https://www.nba.com/summer-league/2025/las-vegas/team/1610612758/kings"
"Isaiah Crawford",24,"F","6-6","220 lbs","NOV 01, 2001",23,"1","Louisiana Tech","Signed on 07/02/24","https://www.nba.com/summer-league/2025/las-vegas/team/1610612758/kings"
"Taevion Kinsey",25,"G","6-5","190 lbs","MAR 10, 2000",25,"1","Marshall","","https://www.nba.com/summer-league/2025/las-vegas/team/1610612758/kings"
"Isaac Nogues",28,"G","6-5","189 lbs","FEB 10, 2004",21,"1","Cornell","","https://www.nba.com/summer-league/2025/las-vegas/team/1610612758/kings"
"Jabri Abdur-Rahim",30,"F","6-8","215 lbs","MAR 22, 2002",23,"R","Providence","","https://www.nba.com/summer-league/2025/las-vegas/team/1610612758/kings"
"Dylan Cardwell",32,"C","6-11","255 lbs","DEC 16, 2001",23,"R","Auburn","Signed on 07/02/25","https://www.nba.com/summer-league/2025/las-vegas/team/1610612758/kings"
"Jon Elmore",33,"G","6-3","190 lbs","DEC 20, 1995",29,"R","Marshall","","https://www.nba.com/summer-league/2025/las-vegas/team/1610612758/kings"
"Daniel Batcho",34,"C","6-11","245 lbs","JAN 10, 2002",23,"R","Louisiana Tech","","https://www.nba.com/summer-league/2025/las-vegas/team/1610612758/kings"
"Isaiah Stevens",40,"G","6-0","185 lbs","NOV 01, 2000",24,"1","Colorado State","Signed on 07/08/25","https://www.nba.com/summer-league/2025/las-vegas/team/1610612758/kings"
"Maxime Raynaud",42,"C","7-1","250 lbs","APR 07, 2003",22,"R","Stanford","#42 Pick in 2025 Draft","https://www.nba.com/summer-league/2025/las-vegas/team/1610612758/kings"
"Kino Lilly Jr.",NA,"","","lbs","JAN 01, 1995",30,"R","","","https://www.nba.com/summer-league/2025/las-vegas/team/1610612759/spurs"
"Dylan Harper",2,"G","6-5","215 lbs","MAR 02, 2006",19,"R","Rutgers","#2 Pick in 2025 Draft","https://www.nba.com/summer-league/2025/las-vegas/team/1610612759/spurs"
"Carter Bryant",11,"F","6-7","220 lbs","NOV 26, 2005",19,"R","Arizona","#14 Pick in 2025 Draft","https://www.nba.com/summer-league/2025/las-vegas/team/1610612759/spurs"
"Ibrahima Diallo",15,"F","7-1","245 lbs","DEC 10, 1999",25,"1","Austin Spurs","","https://www.nba.com/summer-league/2025/las-vegas/team/1610612759/spurs"
"Kyle Mangas",16,"G","6-4","200 lbs","APR 08, 1999",26,"1","Austin Spurs","","https://www.nba.com/summer-league/2025/las-vegas/team/1610612759/spurs"
"Jameer Nelson Jr.",17,"G","6-1","205 lbs","AUG 07, 2001",23,"1","Austin Spurs","","https://www.nba.com/summer-league/2025/las-vegas/team/1610612759/spurs"
"Dexter Dennis",19,"G","6-5","205 lbs","FEB 09, 1999",26,"2","Texas A&M","","https://www.nba.com/summer-league/2025/las-vegas/team/1610612759/spurs"
"Chibuzo Agbo",23,"G","6-6","220 lbs","NOV 28, 2001",23,"R","Southern California","","https://www.nba.com/summer-league/2025/las-vegas/team/1610612759/spurs"
"David Jones-Garcia",25,"F","6-5","210 lbs","NOV 24, 2001",23,"1","Mexico City Capitanes","","https://www.nba.com/summer-league/2025/las-vegas/team/1610612759/spurs"
"Osayi Osifo",26,"F","6-9","230 lbs","APR 06, 2000",25,"1","Austin Spurs","","https://www.nba.com/summer-league/2025/las-vegas/team/1610612759/spurs"
"Riley Minix",27,"F","6-7","230 lbs","SEP 22, 2000",24,"1","Morehead State","Signed on 07/20/24","https://www.nba.com/summer-league/2025/las-vegas/team/1610612759/spurs"
"Omari Moore",29,"G","6-6","185 lbs","SEP 18, 2000",24,"2","S.E. Melbourne Phoenix (AUS)","","https://www.nba.com/summer-league/2025/las-vegas/team/1610612759/spurs"
"Nathan Mensah",31,"C","6-9","220 lbs","APR 09, 1998",27,"2","San Diego State","","https://www.nba.com/summer-league/2025/las-vegas/team/1610612759/spurs"
"Cam Carter",33,"G","6-3","190 lbs","MAR 17, 2003",22,"R","LSU","","https://www.nba.com/summer-league/2025/las-vegas/team/1610612759/spurs"
"Mouhamet Diouf",35,"F","6-11","235 lbs","SEP 10, 2001",23,"R","Virtus Bologna (Italy)","","https://www.nba.com/summer-league/2025/las-vegas/team/1610612759/spurs"
"Josh Uduje",36,"G","6-5","190 lbs","APR 27, 2002",23,"R","San Jose State","","https://www.nba.com/summer-league/2025/las-vegas/team/1610612759/spurs"
"Jacksen Moni",37,"F","6-8","230 lbs","FEB 20, 2003",22,"R","North Dakota State","","https://www.nba.com/summer-league/2025/las-vegas/team/1610612759/spurs"
"Noah Farrakhan",38,"G","6-1","170 lbs","DEC 03, 2000",24,"R","Hampton","","https://www.nba.com/summer-league/2025/las-vegas/team/1610612759/spurs"
"Harrison Ingram",55,"G-F","6-5","235 lbs","NOV 27, 2002",22,"1","North Carolina","#48 Pick in 2024 Draft","https://www.nba.com/summer-league/2025/las-vegas/team/1610612759/spurs"
"A.J. Lawson",0,"G","6-6","185 lbs","JUL 15, 2000",24,"3","South Carolina","Signed on 12/11/24","https://www.nba.com/summer-league/2025/las-vegas/team/1610612761/raptors"
"Jonathan Mogbo",2,"F","6-7","216 lbs","OCT 29, 2001",23,"1","San Francisco","#31 Pick in 2024 Draft","https://www.nba.com/summer-league/2025/las-vegas/team/1610612761/raptors"
"Colin Castleton",11,"C","6-11","250 lbs","MAY 25, 2000",25,"2","Florida","Signed on 04/13/25","https://www.nba.com/summer-league/2025/las-vegas/team/1610612761/raptors"
"Collin Murray-Boyles",12,"F","6-7","239 lbs","JUN 10, 2005",20,"R","South Carolina","#9 Pick in 2025 Draft","https://www.nba.com/summer-league/2025/las-vegas/team/1610612761/raptors"
"Quincy Guerrier",13,"F","6-7","220 lbs","MAY 13, 1999",26,"R","Illinois","","https://www.nba.com/summer-league/2025/las-vegas/team/1610612761/raptors"
"Ja'Kobe Walter",14,"G","6-4","204 lbs","SEP 04, 2004",20,"1","Baylor","#19 Pick in 2024 Draft","https://www.nba.com/summer-league/2025/las-vegas/team/1610612761/raptors"
"Jarkel Joiner",18,"G","6-1","181 lbs","MAY 21, 1999",26,"R","North Carolina State","","https://www.nba.com/summer-league/2025/las-vegas/team/1610612761/raptors"
"Tyson Degenhart",20,"F","6-8","235 lbs","OCT 13, 2002",22,"R","Boise State","","https://www.nba.com/summer-league/2025/las-vegas/team/1610612761/raptors"
"Clifford Omoruyi",21,"C","6-11","250 lbs","OCT 11, 2001",23,"R","Alabama","","https://www.nba.com/summer-league/2025/las-vegas/team/1610612761/raptors"
"Ulrich Chomche",22,"C","6-11","231 lbs","DEC 30, 2005",19,"1","NBA Global Academy","Draft Rights Traded from MEM on 07/06/24","https://www.nba.com/summer-league/2025/las-vegas/team/1610612761/raptors"
"Jamal Shead",23,"G","6-0","198 lbs","JUL 24, 2002",22,"1","Houston","Draft Rights Traded from SAC on 06/28/24","https://www.nba.com/summer-league/2025/las-vegas/team/1610612761/raptors"
"Chucky Hepburn",24,"G","6-2","190 lbs","FEB 09, 2003",22,"R","Louisville","Signed on 07/01/25","https://www.nba.com/summer-league/2025/las-vegas/team/1610612761/raptors"
"Aniwaniwa Tait-Jones",32,"G-F","6-6","200 lbs","JAN 05, 2001",24,"R","UC San Diego","","https://www.nba.com/summer-league/2025/las-vegas/team/1610612761/raptors"
"Tyreke Key",44,"G","6-2","207 lbs","OCT 29, 1998",26,"R","Tennessee","","https://www.nba.com/summer-league/2025/las-vegas/team/1610612761/raptors"
"Alijah Martin",55,"G","6-2","208 lbs","DEC 26, 2001",23,"R","Florida","#39 Pick in 2025 Draft","https://www.nba.com/summer-league/2025/las-vegas/team/1610612761/raptors"
"Jamison Battle",77,"F","6-6","228 lbs","MAY 10, 2001",24,"1","Ohio State","Signed on 07/16/24","https://www.nba.com/summer-league/2025/las-vegas/team/1610612761/raptors"
"Cody Williams",5,"F","6-8","190 lbs","NOV 20, 2004",20,"1","Colorado","#10 Pick in 2024 Draft","https://www.nba.com/summer-league/2025/las-vegas/team/1610612762/jazz"
"Isaiah Collier",8,"G","6-5","210 lbs","OCT 08, 2004",20,"1","Southern California","#29 Pick in 2024 Draft","https://www.nba.com/summer-league/2025/las-vegas/team/1610612762/jazz"
"Jaden Springer",11,"G","6-4","202 lbs","SEP 25, 2002",22,"4","Tennessee","Signed on 02/20/25","https://www.nba.com/summer-league/2025/las-vegas/team/1610612762/jazz"
"Walter Clayton Jr.",13,"G","6-3","195 lbs","MAR 06, 2003",22,"R","Florida","Draft Rights Traded from WAS on 06/25/25","https://www.nba.com/summer-league/2025/las-vegas/team/1610612762/jazz"
"Elijah Harkless",16,"G-F","6-3","195 lbs","FEB 03, 2000",25,"1","UNLV","Signed on 01/01/25","https://www.nba.com/summer-league/2025/las-vegas/team/1610612762/jazz"
"John Tonje",17,"F","6-5","218 lbs","APR 23, 2001",24,"R","Wisconsin","#53 Pick in 2025 Draft","https://www.nba.com/summer-league/2025/las-vegas/team/1610612762/jazz"
"Ace Bailey",19,"F","6-8","210 lbs","AUG 13, 2006",18,"R","Rutgers","#5 Pick in 2025 Draft","https://www.nba.com/summer-league/2025/las-vegas/team/1610612762/jazz"
"RJ Luis Jr.",21,"G-F","6-7","215 lbs","NOV 27, 2002",22,"R","St. John's","Signed on 07/07/25","https://www.nba.com/summer-league/2025/las-vegas/team/1610612762/jazz"
"Kyle Filipowski",22,"F","6-11","250 lbs","NOV 07, 2003",21,"1","Duke","#32 Pick in 2024 Draft","https://www.nba.com/summer-league/2025/las-vegas/team/1610612762/jazz"
"Max Abmas",30,"G","5-11","172 lbs","APR 02, 2001",24,"R","Texas","","https://www.nba.com/summer-league/2025/las-vegas/team/1610612762/jazz"
"J'Wan Roberts",34,"F","6-7","235 lbs","SEP 19, 2001",23,"R","Houston","","https://www.nba.com/summer-league/2025/las-vegas/team/1610612762/jazz"
"Dane Goodwin",36,"G-F","6-6","214 lbs","DEC 28, 1999",25,"R","Notre Dame","","https://www.nba.com/summer-league/2025/las-vegas/team/1610612762/jazz"
"Selton Miguel",39,"G-F","6-4","217 lbs","OCT 24, 2000",24,"R","Maryland","","https://www.nba.com/summer-league/2025/las-vegas/team/1610612762/jazz"
"Jaylan Gainey",49,"F","6-10","220 lbs","DEC 12, 1999",25,"R","Florida State","","https://www.nba.com/summer-league/2025/las-vegas/team/1610612762/jazz"
"Cameron McGriff",60,"F","6-7","220 lbs","SEP 30, 1997",27,"R","Oklahoma State","","https://www.nba.com/summer-league/2025/las-vegas/team/1610612762/jazz"
"Steve Crowl",61,"F","7-0","247 lbs","JUL 01, 2004",21,"R","Wisconsin","","https://www.nba.com/summer-league/2025/las-vegas/team/1610612762/jazz"
"AJ Johnson",5,"G","6-5","174 lbs","DEC 01, 2004",20,"1","Illawarra","Traded from MIL on 02/06/25","https://www.nba.com/summer-league/2025/las-vegas/team/1610612764/wizards"
"Bub Carrington",7,"G","6-4","195 lbs","JUL 21, 2005",19,"1","Pittsburgh","Draft Rights Traded from POR on 07/06/24","https://www.nba.com/summer-league/2025/las-vegas/team/1610612764/wizards"
"Tre Johnson",12,"G","6-5","190 lbs","MAR 07, 2006",19,"R","Texas","#6 Pick in 2025 Draft","https://www.nba.com/summer-league/2025/las-vegas/team/1610612764/wizards"
"Leaky Black",17,"F","6-6","209 lbs","JUN 14, 1999",26,"1","Capital City Go-Go","","https://www.nba.com/summer-league/2025/las-vegas/team/1610612764/wizards"
"Kyshawn George",18,"F","6-7","209 lbs","DEC 12, 2003",21,"1","Miami","Draft Rights Traded from NYK on 06/26/24","https://www.nba.com/summer-league/2025/las-vegas/team/1610612764/wizards"
"Kadary Richmond",19,"G","6-6","205 lbs","AUG 25, 2001",23,"R","St. John's","","https://www.nba.com/summer-league/2025/las-vegas/team/1610612764/wizards"
"Alex Sarr",20,"C","7-0","224 lbs","APR 26, 2005",20,"1","Washington Wizards","#2 Pick in 2024 Draft","https://www.nba.com/summer-league/2025/las-vegas/team/1610612764/wizards"
"Will Riley",27,"F","6-8","180 lbs","FEB 10, 2006",19,"R","Illinois-Urbana-Champaign","Draft Rights Traded from UTA on 06/25/25","https://www.nba.com/summer-league/2025/las-vegas/team/1610612764/wizards"
"Jamir Watkins",30,"F","6-7","210 lbs","JUL 06, 2001",24,"R","Florida State","#43 Pick in 2025 Draft","https://www.nba.com/summer-league/2025/las-vegas/team/1610612764/wizards"
"Liam Robbins",31,"C","7-0","250 lbs","JUL 12, 1999",25,"1","Milwaukee Bucks","","https://www.nba.com/summer-league/2025/las-vegas/team/1610612764/wizards"
"Dillon Jones",33,"F","6-5","240 lbs","OCT 29, 2001",23,"1","Weber State","Traded from OKC on 06/28/25","https://www.nba.com/summer-league/2025/las-vegas/team/1610612764/wizards"
"Zeke Mayo",35,"G","6-4","185 lbs","DEC 18, 2002",22,"R","Kansas","","https://www.nba.com/summer-league/2025/las-vegas/team/1610612764/wizards"
"Akoldah Gak",47,"F","6-11","200 lbs","JUL 12, 2002",22,"R","Mexico City Capitanes","","https://www.nba.com/summer-league/2025/las-vegas/team/1610612764/wizards"
"Keshon Gilbert",55,"G","6-4","200 lbs","JUN 30, 2003",22,"R","Iowa State","","https://www.nba.com/summer-league/2025/las-vegas/team/1610612764/wizards"
"Jonathan Pierre",59,"F","6-9","210 lbs","APR 20, 2003",22,"R","Belmont","","https://www.nba.com/summer-league/2025/las-vegas/team/1610612764/wizards"
